Temperature[Celsius],Concentration[%],ConcentrationRatio,Time[Minutes],STY,E
110.0,450.0,6.875,1.8125,4.710139092703501,12.233103628723528
130.0,250.0,5.625,1.0625,9.409736629994892,8.682789005035257
90.0,150.0,8.125,0.6875,0.001823827023263356,5283058.77569649
70.0,350.0,9.375,1.4375,3.824229250129572e-09,3150815288688.76
139.385717201016,457.2492539546077,9.912480816134279,1.6994271375049514,2.7012565516495184,8.767745975070193
105.75842990408171,459.3924620679036,6.387400519792033,0.9486641144687844,7.950985367618989e-09,2238999420685.88
