Temperature[Celsius],Concentration[%],ConcentrationRatio,Time[Minutes],STY,E
130.0,350.0,8.125,1.0625,9.542763700146999,8.620716432804263
110.0,150.0,5.625,1.4375,7.778751376733012,11.542590243652514
70.0,250.0,6.875,1.8125,1.3138612700750916e-05,407726755.27667356
90.0,450.0,9.375,0.6875,1.3473779860310171e-09,24041573408091.1
111.95853845758046,255.14088244068512,9.216417951491092,1.226880920992965,10.956503564602409,10.611636239621966
139.89386402614926,265.9062161388416,5.941927337285372,0.7033648661713898,17.20389665329568,7.701449237761128
