Temperature,Concentration,ConcentrationRatio,Time,STY,E_factor
122.0,330.0,4.5,0.8375,4897.028245069198,1.3104811005674049
74.0,430.0,3.3,1.2125,3463.1859338754516,1.416880983870532
102.0,130.0,2.5,0.6125,1046.5381912997932,3.095051288298538
