temperature,rate_R1_fwd,rate_R2_fwd
50.0,3.958325992719965e-100,2.4631676916764644e-95
51.000408329930586,3.702999895983687e-98,1.8227094452672812e-93
52.000816659861165,2.910605300825771e-96,1.1435913108352576e-91
53.00122498979175,1.9412655641018482e-94,6.14064087036027e-90
54.00163331972234,1.1087288947036333e-92,2.8464561176376223e-88
55.002041649652924,5.468678871616205e-91,1.1482277836942579e-86
56.0024499795835,2.347853109522837e-89,4.0608787681313306e-85
57.00285830951409,8.838238319129239e-88,1.2679109119714163e-83
58.003266639444675,2.937124524363588e-86,3.517505972794798e-82
59.003674969375254,8.671531669401078e-85,8.723060933969108e-81
60.00408329930584,2.2880056411276963e-83,1.9445865692406632e-79
61.004491629236426,5.425107902173727e-82,3.9172961224834255e-78
62.004899959167005,1.1619747570638994e-80,7.165981757953324e-77
63.00530828909759,2.2590517140681334e-79,1.1958845430256914e-75
64.00571661902818,4.0046934600495773e-78,1.8285061039376855e-74
65.00612494895876,6.5009514645752615e-77,2.5718840659010998e-73
66.00653327888935,9.702590490115257e-76,3.3404268230058256e-72
67.00694160881993,1.3363994008399106e-74,4.0206611831634506e-71
68.00734993875051,1.7047512122138852e-73,4.49982939208732e-70
69.0077582686811,2.0207426033427207e-72,4.6975477475893e-69
70.00816659861168,2.232813293556838e-71,4.587941923233921e-68
71.00857492854226,2.3066110205922618e-70,4.2039558338375726e-67
72.00898325847285,2.2340570745202803e-69,3.6236473378606015e-66
73.00939158840343,2.034055197056732e-68,2.9455879856405066e-65
74.00979991833401,1.745292118973539e-67,2.2634354989962368e-64
75.0102082482646,1.4146229309951443e-66,1.647824603690874e-63
76.01061657819518,1.0855663941176903e-65,1.1390055208795453e-62
77.01102490812576,7.903881623409947e-65,7.490138067557247e-62
78.01143323805636,5.471047879218443e-64,4.694994766534171e-61
79.01184156798693,3.6072802583428366e-63,2.810293618240634e-60
80.01224989791751,2.2696561041118465e-62,1.6091259720189458e-59
81.0126582278481,1.365096779038548e-61,8.828025099018499e-59
82.01306655777869,7.861505116758073e-61,4.6478362212111824e-58
83.01347488770926,4.341781705135764e-60,2.3517853783692133e-57
84.01388321763986,2.303026729469684e-59,1.1453000058364748e-56
85.01429154757044,1.1749430522649985e-58,5.375287401193276e-56
86.01469987750102,5.773123759158397e-58,2.434466670636443e-55
87.01510820743161,2.735541953882914e-57,1.0652679511974619e-54
88.01551653736219,1.2515581363771863e-56,4.508952915054275e-54
89.01592486729277,5.535366160476422e-56,1.8481635232129574e-53
90.01633319722336,2.3692948303008786e-55,7.34374149121451e-53
91.01674152715394,9.825111705648054e-55,2.8317224272307334e-52
92.01714985708452,3.95138520995709e-54,1.0606326800835944e-51
93.01755818701511,1.5427064554168377e-53,3.8624848786491625e-51
94.01796651694569,5.852610350763761e-53,1.3688163682193096e-50
95.01837484687627,2.159441069862475e-52,4.724685965974758e-50
96.01878317680686,7.755953582211996e-52,1.589671161685276e-49
97.01919150673744,2.7138901999151916e-51,5.2178395913276934e-49
98.01959983666802,9.258890727369252e-51,1.6720595467746707e-48
99.02000816659861,3.082248468937488e-50,5.234866222519305e-48
100.0204164965292,1.0019301032123408e-49,1.6023408079341457e-47
101.02082482645977,3.1825464812138617e-49,4.798332096092762e-47
102.02123315639037,9.884940651842894e-49,1.4066662302469603e-46
103.02164148632095,3.004127517461736e-48,4.039481034798923e-46
104.02204981625152,8.938811158283274e-48,1.1369776335360994e-45
105.02245814618212,2.6056736281530025e-47,3.1384726865515526e-45
106.0228664761127,7.445450908291732e-47,8.500877452735869e-45
107.02327480604328,2.0865807066962496e-46,2.260570642571064e-44
108.02368313597387,5.738337005050295e-46,5.904767148955836e-44
109.02409146590446,1.549417690691639e-45,1.5157624703147375e-43
110.02449979583503,4.1095977281693003e-45,3.8256810979933206e-43
111.02490812576562,1.0712415098735429e-44,9.498035318554825e-43
112.02531645569621,2.74558079060243e-44,2.3205838657468926e-42
113.02572478562678,6.922040969936419e-44,5.581919300113283e-42
114.02613311555737,1.7174129611124836e-43,1.322423275534259e-41
115.02654144548795,4.19504818628233e-43,3.0869509866403284e-41
116.02694977541854,1.0092426459459718e-42,7.102758542978065e-41
117.02735810534912,2.392321035776348e-42,1.6114711100144522e-40
118.0277664352797,5.58948291676796e-42,3.6063744167308257e-40
119.0281747652103,1.2876852623283304e-41,7.963819099888653e-40
120.02858309514087,2.926079298724668e-41,1.7358761332925897e-39
121.02899142507145,6.560667906868379e-41,3.735962924336272e-39
122.02939975500205,1.4519047175026803e-40,7.941599854151849e-39
123.02980808493263,3.1724453040460643e-40,1.6678838386629505e-38
124.0302164148632,6.84619963303073e-40,3.461804070342334e-38
125.0306247447938,1.4595988878849814e-39,7.102979005326343e-38
126.03103307472438,3.07518395549217e-39,1.4411146581141609e-37
127.03144140465496,6.404473254750707e-39,2.89195386790766e-37
128.03184973458553,1.3188269640410394e-38,5.741564879484504e-37
129.03225806451613,2.685950582594877e-38,1.128036399728968e-36
130.03266639444672,5.411581848360036e-38,2.1936855679949305e-36
131.0330747243773,1.0788804278723759e-37,4.223625420886728e-36
132.03348305430788,2.128868762262525e-37,8.052939149334159e-36
133.03389138423847,4.1586413077724695e-37,1.5208162551089592e-35
134.03429971416904,8.044120110726274e-37,2.845409903210654e-35
135.03470804409963,1.5410785239267155e-36,5.275315257331181e-35
136.03511637403022,2.924704368964228e-36,9.693365070951925e-35
137.0355247039608,5.4997042234735654e-36,1.7656630830153674e-34
138.03593303389138,1.0249045771070377e-35,3.188822286523093e-34
139.03634136382198,1.8932081805024641e-35,5.7111260200129495e-34
140.03674969375254,3.467095887158005e-35,1.014517583917415e-33
141.03715802368313,6.296007848799201e-35,1.787800637879405e-33
142.03756635361373,1.1338973657915154e-34,3.1258880242701456e-33
143.0379746835443,2.02565887325275e-34,5.423675137324336e-33
144.03838301347488,3.5901770901235043e-34,9.340045119058878e-33
145.03879134340548,6.3138365845208855e-34,1.5966383584936633e-32
146.03919967333604,1.1019646899114181e-33,2.7097661091612865e-32
147.03960800326664,1.9090002897163127e-33,4.566551168531529e-32
148.04001633319723,3.2830203064815856e-33,7.642545201820448e-32
149.0404246631278,5.6057527577808824e-33,1.2704017974317995e-31
150.0408329930584,9.504930620750767e-33,2.097761975197368e-31
151.04124132298898,1.6005852644000938e-32,3.4414417355638354e-31
152.04164965291955,2.677208270837949e-32,5.6098249859169565e-31
153.04205798285014,4.448525445396442e-32,9.087344869708797e-31
154.04246631278073,7.344059679283053e-32,1.4630401200819433e-30
155.0428746427113,1.2047493402728233e-31,2.341306945785356e-30
156.0432829726419,1.9640402273066448e-31,3.724718128559248e-30
157.04369130257248,3.182355530448065e-31,5.8912871121854185e-30
158.04409963250305,5.125565749674397e-31,9.265230417864323e-30
159.04450796243364,8.206890014365514e-31,1.4490316427557524e-29
160.04491629236423,1.3064920880092253e-30,2.253825631558132e-29
161.0453246222948,2.068106111534994e-30,3.486804765775528e-29
162.0457329522254,3.255532715476918e-30,5.365902831893838e-29
163.046141282156,5.0968137201432385e-30,8.215003729649669e-29
164.04654961208655,7.936811621523163e-30,1.2513057099499274e-28
165.04695794201717,1.2294365385013534e-29,1.8964862915593515e-28
166.04736627194774,1.8946107454645895e-29,2.8602603833930774e-28
167.0477746018783,2.9048775988123145e-29,4.293080629526639e-28
168.04818293180892,4.4316842357754014e-29,6.413236520739152e-28
169.0485912617395,6.727925241595859e-29,9.536004659143485e-28
170.04899959167005,1.0164879346621448e-28,1.4114712513048365e-27
171.04940792160068,1.5285107544651846e-28,2.0798335289829943e-27
172.04981625153124,2.287787047003316e-28,3.0511941049489192e-27
173.0502245814618,3.4086179975400627e-28,4.456858193435251e-27
174.05063291139243,5.055809645916744e-28,6.482428604008563e-27
175.051041241323,7.4659654509017455e-28,9.389189776994093e-27
176.05144957125356,1.0977326914408438e-27,1.3543494110871918e-26
177.05185790118418,1.6071422917131177e-27,1.945698980104214e-26
178.05226623111474,2.3430966772295016e-27,2.784147991707091e-26
179.05267456104534,3.402002099453695e-27,3.9683455320892867e-26
180.0530828909759,4.9194563420029594e-27,5.634498437342396e-26
181.0534912209065,7.0854400217828e-27,7.969978846860475e-26
182.0538995508371,1.0165110579066268e-26,1.123161210885934e-25
183.05430788076765,1.4527159894521016e-26,1.5770169477622836e-25
184.05471621069825,2.0682346881081275e-26,2.206305777611578e-25
185.05512454062884,2.933566823134535e-26,3.075780286829974e-25
186.0555328705594,4.145674745981746e-26,4.272969868687972e-25
187.05594120049,5.837447544442009e-26,5.915798680536674e-25
188.0563495304206,8.190382685727604e-26,8.162620145799699e-25
189.05675786035115,1.145152217124672e-25,1.1225392739272266e-24
190.05716619028175,1.5955996731571623e-25,1.5386926726985953e-24
191.05757452021234,2.215693746151733e-25,2.1023390894414095e-24
192.0579828501429,3.066503646406492e-25,2.8633594811878567e-24
193.0583911800735,4.230070630721847e-25,3.8876974799033154e-24
194.0587995100041,5.816263670078808e-25,5.262272548583821e-24
195.05920783993466,7.971763324573421e-25,7.101316708763641e-24
196.05961616986525,1.089179898479301e-24,9.554524229826175e-24
197.06002449979584,1.483543868366619e-24,1.2817503749971414e-23
198.0604328297264,2.0145448935998986e-24,1.7145147094169013e-23
199.060841159657,2.727401729925719e-24,2.286868223789841e-23
200.0612494895876,3.681597472358478e-24,3.0417368308055727e-23
201.06165781951816,4.955158691489944e-24,4.0346025184940155e-23
202.06206614944875,6.650151952174665e-24,5.336987515848705e-23
203.06247447937935,8.899725419761981e-24,7.040852941747689e-23
204.0628828093099,1.1877105767480725e-23,9.264138102373741e-23
205.0632911392405,1.5807064006182133e-23,1.21577190647737e-22
206.0636994691711,2.0980489763912735e-23,1.591412892312811e-22
207.06410779910166,2.77728708432854e-23,2.077846036486961e-22
208.06451612903226,3.666766590905398e-23,2.706196384954233e-22
209.06492445896285,4.828579355971874e-23,3.515896946520113e-22
210.06533278889344,6.342274979716689e-23,4.556789688669304e-22
211.065741118824,8.309521536603311e-23,5.891728195070884e-22
212.0661494487546,1.0859944264919833e-22,7.59979475390489e-22
213.0665577786852,1.4158423199587997e-22,9.780268242911695e-22
214.06696610861576,1.8414193524580924e-22,1.255750742762522e-21
215.06737443854635,2.3892168329105263e-22,1.6086948421105539e-21
216.06778276847695,3.0926996298567517e-22,2.0562454906403124e-21
217.0681910984075,3.9940475591834134e-22,2.6225307838990797e-21
218.0685994283381,5.14630806219599e-22,3.3375178226960543e-21
219.0690077582687,6.616051518308152e-22,4.238349341562097e-21
220.06941608819926,8.486639995562179e-22,5.370968750808366e-21
221.06982441812985,1.0862242489844636e-21,6.792091880559244e-21
222.07023274806045,1.387275762501812e-21,8.571595015504646e-21
223.070641077991,1.767983643416879e-21,1.0795401398160438e-20
224.0710494079216,2.2484236895688253e-21,1.3568964017450072e-20
225.0714577378522,2.8534787047852654e-21,1.70214600340482e-20
226.07186606778276,3.613928745704719e-21,2.131083298228714e-20
227.07227439771336,4.567774839384845e-21,2.6629843670496306e-20
228.07268272764395,5.761843053036393e-21,3.3213318404244945e-20
229.07309105757452,7.253724824474867e-21,4.134681633601233e-20
230.0734993875051,9.11411971098859e-21,5.137697691653173e-20
231.0739077174357,1.1429659085109055e-20,6.372385056652801e-20
232.07431604736627,1.4306303315120106e-20,7.889557018636613e-20
233.07472437729686,1.7873421944814675e-20,9.750577789250621e-20
234.07513270722745,2.2288685759046503e-20,1.2029429040312053e-19
235.07554103715802,2.774392218165695e-20,1.481515676760901e-19
236.0759493670886,3.447211229698556e-20,1.8214763655520684e-19
237.0763576970192,4.275573791413544e-20,2.235662300791713e-19
238.07676602694977,5.293672307298486e-20,2.739450159945725e-19
239.07717435688036,6.542825596133045e-20,3.351229369122787e-19
240.07758268681096,8.072882345470421e-20,4.092958254466647e-19
241.07799101674152,9.943884800321218e-20,4.990816534507442e-19
242.07839934667211,1.2228037695530617e-19,6.075969653506173e-19
243.0788076766027,1.5012034997329719e-19,7.38546287762768e-19
244.07921600653327,1.8399805461888956e-19,8.963265719055672e-19
245.07962433646387,2.2515747151025943e-19,1.0861490097791035e-18
246.08003266639446,2.7508532979435293e-19,1.3141809459696556e-18
247.08044099632502,3.355558097126269e-19,1.587710937647932e-18
248.08084932625562,4.086829832570856e-19,1.9153405091524413e-18
249.0812576561862,4.969822448354094e-19,2.3072066071111942e-18
250.08166598611678,6.034421663198225e-19,2.7752393214547386e-18
251.08207431604737,7.316084388350571e-19,3.3334601013305525e-18
252.08248264597796,8.856817963404016e-19,3.998326362686111e-18
253.08289097590853,1.0706320886782541e-18,4.7891291876039044e-18
254.08329930583912,1.292331012338014e-18,5.72845178074571e-18
255.0837076357697,1.557706313945978e-18,6.842697155121206e-18
256.0841159657003,1.8749207518172646e-18,8.162695014317181e-18
257.0845242956309,2.2535794683411507e-18,9.724398631778988e-18
258.08493262556146,2.70497004791869e-18,1.1569684196629342e-17
259.08534095549203,3.242339998472583e-18,1.3747266660145157e-17
260.0857492854226,3.881217131693246e-18,1.6313747724536993e-17
261.0861576153532,4.639779020156347e-18,1.9334813881768796e-17
262.0865659452838,5.539278526467987e-18,2.2886604134746392e-17
263.0869742752144,6.604533325020521e-18,2.705726971746109e-17
264.08738260514497,7.86448840810712e-18,3.1948751355174674e-17
265.08779093507553,9.352861633065626e-18,3.767880083868042e-17
266.0881992650061,1.1108883799015816e-17,4.438327995892883e-17
267.0886075949367,1.31781461369603e-17,5.221876990997156e-17
268.0890159248673,1.561356956006496e-17,6.136553168835046e-17
269.0894242547979,1.847651213959838e-17,7.203086021291923e-17
270.08983258472847,2.183803305943364e-17,8.445288082008833e-17
271.09024091465903,2.578033344390682e-17,9.890484224662776e-17
272.0906492445896,3.0398397243560983e-17,1.1569996567286267e-16
273.0910575745202,3.580185799459787e-17,1.3519691675177174e-16
274.0914659044508,4.211712012876592e-17,1.578059749339952e-16
275.0918742343814,4.948976714492572e-17,1.8399598122842943e-16
276.092282564312,5.808729237352859e-17,2.143021548106399e-16
277.09269089424254,6.810219357097966e-17,2.493348801283318e-16
278.0930992241731,7.975547394730549e-17,2.8978957576383715e-16
279.0935075541037,9.330060216752222e-17,3.3645776479762563e-16
280.09391588403435,1.0902798371830761e-16,3.9023948464848117e-16
281.0943242139649,1.272700084723721e-16,4.521571864272515e-16
282.0947325438955,1.4840673914831653e-16,5.233712814632739e-16
283.09514087382604,1.7287232046593035e-16,6.051975298194275e-16
284.0955492037566,2.0116218886286871e-16,6.991264476299408e-16
285.0959575336872,2.338411791433263e-16,8.068449795308377e-16
286.09636586361785,2.715526292984093e-16,9.302606468670004e-16
287.0967741935484,3.1502859730347125e-16,1.0715284584905087e-15
288.097182523479,3.6510131620708485e-16,1.2330808640045894e-15
289.09759085340954,4.2271602378685876e-16,1.4176610558139665e-15
290.0979991833401,4.889453246650689e-16,1.628359983702989e-15
291.09840751327073,5.650052463038845e-16,1.8686574403638707e-15
292.09881584320135,6.52273179436255e-16,2.142467655044711e-15
293.0992241731319,7.523079036008243e-16,2.4541898235740075e-15
294.0996325030625,8.66871925349844e-16,2.8087640772632762e-15
295.10004083299305,9.979563650014586e-16,3.2117334058134533e-15
296.1004491629236,1.1478086817389151e-15,3.669312187893622e-15
297.10085749285423,1.3189635028734314e-15,4.188461873324459e-15
298.10126582278485,1.5142769122497027e-15,4.7769745429193e-15
299.1016741527154,1.736964533933633e-15,5.4435651476335186e-15
300.102082482646,1.9906437861102054e-15,6.197973165800841e-15
301.10249081257655,2.2793807793888732e-15,7.0510746205628755e-15
302.1028991425071,2.607742253174077e-15,8.015005384396582e-15
303.10330747243773,2.980853104179262e-15,9.103296842029297e-15
304.10371580236836,3.404460052952745e-15,1.0331024994944011e-14
305.1041241322989,3.8850020176982824e-15,1.1714974371393899e-14
306.1045324622295,4.429687885363828e-15,1.3273817744005331e-14
307.10494079216005,5.046582378847915e-15,1.5028313512688172e-14
308.1053491220907,5.744700754206651e-15,1.700152200554932e-14
309.10575745202124,6.534113267142283e-15,1.9219042247783616e-14
310.1061657819518,7.426060200266079e-15,2.170927161903372e-14
311.1065741118824,8.433078526989254e-15,2.450368945960463e-14
312.106982441813,9.569141247194396e-15,2.7637167354279592e-14
313.10739077174355,1.0849810595939862e-14,3.114830824609578e-14
314.1077991016742,1.2292406326553225e-14,3.5079816502318625e-14
315.10820743160474,1.39161904842085e-14,3.947890192505222e-14
316.1086157615353,1.5742570110506203e-14,4.439772014832325e-14
317.1090240914659,1.779531957289518e-14,4.98938528739892e-14
318.1094324213965,2.0100824002786775e-14,5.603083060777701e-14
319.10984075132706,2.2688346051823993e-14,6.28787016866334e-14
320.1102490812577,2.5590317621907763e-14,7.051465178040222e-14
321.11065741118824,2.88426591145829e-14,7.902367656852764e-14
322.1110657411188,3.2485128012186205e-14,8.84993132868424e-14
323.11147407104943,3.6561699919219944e-14,9.90444349147671e-14
324.11188240098,4.112098431947072e-14,1.1077211172475134e-13
325.11229073091056,4.62166781264404e-14,1.2380654634608005e-13
326.1126990608412,5.1908059990485446e-14,1.38284086639267e-13
327.11310739077175,5.82605294692149e-14,1.5435432426169058e-13
328.1135157207023,6.53461931300319e-14,1.7218128215171523e-13
329.11392405063293,7.324450330121262e-14,1.9194470146108934e-13
330.1143323805635,8.204295219511561e-14,2.1384143269850954e-13
331.11474071049406,9.183782659429396e-14,2.380869391406895e-13
332.1151490404247,1.0273502809606879e-13,2.6491692219589744e-13
333.11555737035525,1.1485096269979154e-13,2.945890750209429e-13
334.1159657002858,1.2831350724966682e-13,3.273849760928839e-13
335.11637403021643,1.4326305673972274e-13,3.6361213211212225e-13
336.116782360147,1.598536604092745e-13,4.036061795237599e-13
337.11719069007756,1.7825425023468824e-13,4.477332550409241e-13
338.1175990200082,1.9864997506852632e-13,4.963925546659122e-13
339.11800734993875,2.2124364042140727e-13,5.500190816591383e-13
340.1184156798693,2.4625726751850396e-13,6.090866037843899e-13
341.11882400979994,2.739337794886075e-13,6.741108421333767e-13
342.1192323397305,3.0453882030088474e-13,7.456528846629271e-13
343.11964066966107,3.383627225222043e-13,8.243228625821181e-13
344.1200489995917,3.7572262986628404e-13,9.107839008426154e-13
345.12045732952225,4.1696478376861043e-13,1.005756346363642e-12
346.1208656594528,4.624669963512988e-13,1.11002231562098e-12
347.12127398938344,5.12641304892611e-13,1.2244305630670345e-12
348.121682319314,5.679368437163683e-13,1.3499017033424627e-12
349.12209064924457,6.288429243041936e-13,1.487433802457405e-12
350.1224989791752,6.958923574134788e-13,1.6381083728859243e-12
351.12290730910576,7.696650243418091e-13,1.8030967710332338e-12
352.1233156390363,8.507917152693015e-13,1.98366706542626e-12
353.12372396896694,9.399582537850595e-13,2.1811913607770336e-12
354.1241322988975,1.0379099318253408e-12,2.397153651418474e-12
355.1245406288281,1.1454562599478715e-12,2.633158158435868e-12
356.1249489587587,1.2634760776671612e-12,2.8909383120880596e-12
357.12535728868926,1.3929230236395704e-12,3.172366276374631e-12
358.1257656186198,1.53483141225928e-12,3.4794631276447282e-12
359.12617394855044,1.6903225147895287e-12,3.814409733087498e-12
360.126582278481,1.86061130608764e-12,4.179558309316725e-12
361.1269906084116,2.047013670907134e-12,4.577444778922821e-12
362.1273989383422,2.2509541302984874e-12,5.010801929051558e-12
363.12780726827276,2.473974093373576e-12,5.4825733519768155e-12
364.1282155982033,2.717740696953848e-12,5.9959284088168484e-12
365.12862392813395,2.984056231078304e-12,6.55427803269314e-12
366.1290322580645,3.2748682426318365e-12,7.161291605028173e-12
367.1294405879951,3.5922802764941094e-12,7.820914861664985e-12
368.1298489179257,3.938563402603872e-12,8.537388961932546e-12
369.13025724785626,4.316168460015242e-12,9.315270650765961e-12
370.1306655777869,4.727739140308212e-12,1.0159453823069778e-11
371.13107390771745,5.176125957302787e-12,1.1075192249163144e-11
372.131482237648,5.664401088524861e-12,1.2068123782083906e-11
373.13189056757864,6.1958742150881475e-12,1.3144296051849751e-11
374.1322988975092,6.77410941152629e-12,1.4310193573924361e-11
375.13270722743977,7.402943072529149e-12,1.557276668679409e-11
376.1331155573704,8.086503033397807e-12,1.6939462040435924e-11
377.13352388730095,8.829228856042247e-12,1.8418254871547798e-11
378.1339322172315,9.635893488745963e-12,2.001768339272795e-11
379.13434054716214,1.0511626195102132e-11,2.17468848981136e-11
380.1347488770927,1.1461936926707814e-11,2.361563420849367e-11
381.13515720702327,1.2492742308258505e-11,2.5634384110272605e-11
382.1355655369539,1.3610393054998762e-11,2.7814308389504498e-11
383.13597386688446,1.4821703262587133e-11,3.0167346874969276e-11
384.136382196815,1.6133981283642682e-11,3.2706253596574475e-11
385.13679052674564,1.7555062650316116e-11,3.544464710390706e-11
386.1371988566762,1.909334491151125e-11,3.839706393694808e-11
387.1376071866068,2.075782441990346e-11,4.157901494205245e-11
388.1380155165374,2.2558135560249516e-11,4.5007044641482243e-11
389.13842384646796,2.4504592101242568e-11,4.8698794053038245e-11
390.1388321763985,2.6608230967183683e-11,5.2673066477809155e-11
391.13924050632914,2.8880858789381896e-11,5.6949897552216096e-11
392.1396488362597,3.133510079795618e-11,6.155062825136244e-11
393.1400571661903,3.3984452813669367e-11,6.649798249588775e-11
394.1404654961209,3.6843336197077854e-11,7.181614831903011e-11
395.14087382605146,3.992715558442997e-11,7.753086384579403e-11
396.141282155982,4.3252360529302565e-11,8.366950716672005e-11
397.14169048591265,4.683650989672662e-11,9.026119145618934e-11
398.1420988158432,5.0698340280410655e-11,9.733686440199576e-11
399.1425071457738,5.4857838296707926e-11,1.0492941376125505e-10
400.1429154757044,5.93363163378731e-11,1.1307377691629424e-10
401.14332380563496,6.415649327028876e-11,1.218070571900019e-10
402.14373213556553,6.934257863954124e-11,1.3116864551405525e-10
403.14414046549615,7.492036227050149e-11,1.4120034803555807e-10
404.1445487954267,8.091730796896215e-11,1.5194652041559987e-10
405.1449571253573,8.7362653015823e-11,1.634542088388315e-10
406.1453654552879,9.428751201192295e-11,1.7577329779235816e-10
407.14577378521847,1.0172498711805884e-10,1.889566644504048e-10
408.14618211514903,1.0971028356160297e-10,2.0306034201140677e-10
409.14659044507965,1.1828083116765695e-10,2.1814368997130658e-10
410.1469987750102,1.274764126777748e-10,2.3426957206190976e-10
411.1474071049408,1.37339298010568e-10,2.515045440560626e-10
412.1478154348714,1.479143858053818e-10,2.699190495434293e-10
413.14822376480197,1.592493527361186e-10,2.89587625914501e-10
414.14863209473253,1.71394808890511e-10,3.1058911725459734e-10
415.14904042466316,1.844044625520145e-10,3.33006901608988e-10
416.1494487545937,1.9833529233679042e-10,3.5692912448442464e-10
417.1498570845243,2.1324772888331828e-10,3.8244894712429144e-10
418.1502654144549,2.2920584295284904e-10,4.09664801108939e-10
419.1506737443855,2.462775473943068e-10,4.386806607107843e-10
420.15108207431604,2.6453480376037335e-10,4.696063212555321e-10
421.15149040424666,2.8405384304473764e-10,5.025576955329054e-10
422.1518987341772,3.049153953714076e-10,5.376571197198954e-10
423.1523070641078,3.27204929714915e-10,5.750336739666638e-10
424.1527153940384,3.5101290885047263e-10,6.148235199497595e-10
425.153123723969,3.7643505117107254e-10,6.571702462811378e-10
426.15353205389954,4.035726089960003e-10,7.022252373979185e-10
427.15394038383016,4.3253265916956936e-10,7.501480544894175e-10
428.1543487137607,4.6342840443515967e-10,8.011068275496782e-10
429.1547570436913,4.963794943954844e-10,8.552786781699244e-10
430.1551653736219,5.315123542558964e-10,9.128501424480614e-10
431.1555737035525,5.689605353717721e-10,9.740176317850774e-10
432.15598203348304,6.088650785190405e-10,1.0389878915445806e-09
433.15639036341366,6.513748901447114e-10,1.1079784984239542e-09
434.15679869334423,6.966471467937551e-10,1.1812183659265625e-09
435.1572070232748,7.448477018801987e-10,1.2589482773370199e-09
436.1576153532054,7.961515272538635e-10,1.3414214359381791e-09
437.158023683136,8.507431601971633e-10,1.428904040205933e-09
438.15843201306654,9.088171782951471e-10,1.5216758860703157e-09
439.15884034299717,9.705786951498928e-10,1.620030985860867e-09
440.15924867292773,1.0362438698108972e-09,1.7242782186777275e-09
441.1596570028583,1.1060404546399102e-09,1.8347420043236015e-09
442.1600653327889,1.1802083449851773e-09,1.951762999468311e-09
443.1604736627195,1.2590001702811285e-09,2.075698837150253e-09
444.16088199265005,1.3426819042135734e-09,2.206924867516733e-09
445.16129032258067,1.431533498125684e-09,2.345834967391523e-09
446.16169865251123,1.52584954448409e-09,2.4928423339090083e-09
447.1621069824418,1.6259399693222123e-09,2.648380346853723e-09
448.1625153123724,1.7321307486513045e-09,2.8129034548991636e-09
449.162923642303,1.8447646612177182e-09,2.9868880789743994e-09
450.16333197223355,1.9642020617818856e-09,3.1708335691584437e-09
451.1637403021642,2.090821706993363e-09,3.365263197144636e-09
452.16414863209474,2.2250215847983302e-09,3.5707251647037713e-09
453.1645569620253,2.367219807828666e-09,3.7877936868701805e-09
454.1649652919559,2.517855518729904e-09,4.01707007053804e-09
455.1653736218865,2.6773898467473947e-09,4.259183876370143e-09
456.16578195181705,2.8463069003423793e-09,4.514794088438418e-09
457.1661902817477,3.0251148014490405e-09,4.784590357069034e-09
458.16659861167824,3.2143467365646243e-09,5.069294254385842e-09
459.1670069416088,3.41456208999687e-09,5.369660614410732e-09
460.1674152715394,3.6263475903259743e-09,5.6864788731617305e-09
461.16782360147,3.850318515691104e-09,6.02057450104579e-09
462.16823193140056,4.087119932005831e-09,6.372810477687081e-09
463.1686402613312,4.337428007931981e-09,6.744088780878325e-09
464.16904859126174,4.601951337693269e-09,7.135351978180843e-09
465.1694569211923,4.881432349387914e-09,7.547584846497324e-09
466.1698652511229,5.176648756679026e-09,7.981816060684836e-09
467.1702735810535,5.488415065825231e-09,8.439119930837964e-09
468.17068191098406,5.817584107435298e-09,8.920618181476751e-09
469.1710902409147,6.165048693273803e-09,9.427481864055026e-09
470.17149857084524,6.5317432841612336e-09,9.960933244318982e-09
471.1719069007758,6.918645715006672e-09,1.0522247794202252e-08
472.17231523070643,7.326779001817006e-09,1.1112756272290187e-08
473.172723560637,7.757213237766176e-09,1.1733846821048154e-08
474.17313189056756,8.211067501635496e-09,1.2386967204973397e-08
475.1735402204982,8.689511865283035e-09,1.3073627038362053e-08
476.17394855042875,9.193769520783021e-09,1.3795400188055324e-08
477.1743568803593,9.725118862941548e-09,1.4553927130568847e-08
478.17476521028993,1.0284895774842773e-08,1.5350917500648782e-08
479.1751735402205,1.0874495911793853e-08,1.6188152639775745e-08
480.17558187015106,1.149537711548965e-08,1.706748832717042e-08
481.1759902000817,1.2149061874870868e-08,1.7990857467409092e-08
482.17639853001225,1.2837139849654803e-08,1.8960272948779494e-08
483.1768068599428,1.3561270615120309e-08,1.9977830617332188e-08
484.17721518987344,1.4323186298709668e-08,2.104571223021346e-08
485.177623519804,1.5124694480236046e-08,2.2166188572740364e-08
486.17803184973457,1.5967681112661287e-08,2.3341622869738906e-08
487.1784401796652,1.6854113537708115e-08,2.457447374236011e-08
488.17884850959575,1.7786043614830182e-08,2.5867298953753532e-08
489.1792568395263,1.876561097183494e-08,2.722275877621124e-08
490.17966516945694,1.9795046405130284e-08,2.8643619704572146e-08
491.1800734993875,2.0876675199696036e-08,3.0132758096622635e-08
492.18048182931807,2.2012920854013826e-08,3.169316411430841e-08
493.1808901592487,2.320630865217538e-08,3.3327945654745164e-08
494.18129848917926,2.445946956014811e-08,3.5040332484086974e-08
495.1817068191098,2.5775144096194214e-08,3.683368040402177e-08
496.18211514904044,2.7156186445483074e-08,3.871147563573407e-08
497.182523478971,2.8605568590627e-08,4.067733923287823e-08
498.18293180890157,3.01263846959059e-08,4.273503176745627e-08
499.1833401388322,3.1721855568159963e-08,4.48884580105673e-08
500.18374846876276,3.33953332026439e-08,4.7141671732678785e-08
501.1841567986934,3.515030560173553e-08,4.949888080805079e-08
502.18456512862394,3.699040162807754e-08,5.1964452348783226e-08
503.1849734585545,3.8919396139740934e-08,5.4542918105901215e-08
504.18538178848513,4.094121506099039e-08,5.723897970384042e-08
505.1857901184157,4.30599409089603e-08,6.005751438005821e-08
506.18619844834626,4.5279818210288927e-08,6.300358077950557e-08
507.1866067782769,4.760525930176454e-08,6.608242491840396e-08
508.18701510820745,5.004085011436871e-08,6.929948606403039e-08
509.187423438138,5.2591356287695156e-08,7.266040315845875e-08
510.18783176806863,5.526172951195333e-08,7.617102136104533e-08
511.1882400979992,5.8057113681945645e-08,7.983739838868115e-08
512.1886484279298,6.09828518654397e-08,8.366581153802408e-08
513.1890567578604,6.404449283457079e-08,8.766276467802461e-08
514.189465087791,6.724779823782061e-08,9.183499513286903e-08
515.1898734177215,7.059874979873302e-08,9.618948107677525e-08
516.1902817476521,7.410355668182741e-08,1.0073344979969715e-07
517.1906900775828,7.776866328882681e-08,1.0547438431707105e-07
518.1910984075132,8.160075699815121e-08,1.1042003230983984e-07
519.1915067374439,8.560677638700062e-08,1.1557841363258675e-07
520.1919150673745,8.97939194304362e-08,1.2095782924429767e-07
521.192323397305,9.416965213724341e-08,1.2656686934059457e-07
522.1927317272357,9.874171745046177e-08,1.3241442255510953e-07
523.1931400571661,1.035181443012245e-07,1.3850968440272976e-07
524.1935483870968,1.0850725665857304e-07,1.4486216760218986e-07
525.1939567170274,1.1371768347472236e-07,1.5148171078338325e-07
526.194365046958,1.1915836845470457e-07,1.583784885569159e-07
527.1947733768885,1.2483857989600257e-07,1.6556302103446048e-07
528.1951817068191,1.3076792154643864e-07,1.7304618511653025e-07
529.1955900367498,1.3695634292853636e-07,1.808392241799188e-07
530.1959983666802,1.4341415041178878e-07,1.8895375896954534e-07
531.1964066966109,1.501520185443873e-07,1.9740179902417397e-07
532.1968150265415,1.5718100174284637e-07,2.0619575361441026e-07
533.197223356472,1.6451254590107233e-07,2.1534844374986431e-07
534.1976316864027,1.7215850091529987e-07,2.2487311363923275e-07
535.1980400163332,1.8013113266233502e-07,2.347834430287743e-07
536.1984483462638,1.8844313694867212e-07,2.4509355976972893e-07
537.1988566761944,1.9710765163272662e-07,2.558180525329339e-07
538.199265006125,2.0613827049905926e-07,2.669719842470579e-07
539.1996733360555,2.155490576388804e-07,2.785709045151108e-07
540.2000816659861,2.2535456116922823e-07,2.906308644527482e-07
541.2004899959168,2.355698281454279e-07,3.031684300442362e-07
542.2008983258472,2.4621041941450983e-07,3.162006964473385e-07
543.2013066557779,2.572924252852008e-07,3.297453033155555e-07
544.2017149857085,2.6883248103924325e-07,3.4382044942810486e-07
545.202123315639,2.8084778328419113e-07,3.584449080520659e-07
546.2025316455697,2.933561066238115e-07,3.7363804221822993e-07
547.2029399755002,3.06375820618622e-07,3.8941982205446913e-07
548.2033483054308,3.199259072264371e-07,4.0581084054438716e-07
549.2037566353614,3.3402597882919904e-07,4.228323296562043e-07
550.204164965292,3.486962960901801e-07,4.4050617923724236e-07
551.2045732952225,3.639577876598079e-07,4.58854952994367e-07
552.2049816251531,3.7983206829525326e-07,4.779019071049234e-07
553.2053899550838,3.9634145972222445e-07,4.976710095144424e-07
554.2057982850142,4.1350901007708546e-07,5.181869572099806e-07
555.2062066149449,4.3135851442765203e-07,5.394751965200941e-07
556.2066149448755,4.4991453701264226e-07,5.615619418979357e-07
557.207023274806,4.692024316490357e-07,5.844741973608925e-07
558.2074316047367,4.892483653817446e-07,6.082397751723842e-07
559.2078399346672,5.100793397211147e-07,6.328873195085288e-07
560.2082482645978,5.317232143627374e-07,6.584463239006474e-07
561.2086565945284,5.54208732619987e-07,6.849471570629005e-07
562.209064924459,5.775655431206351e-07,7.124210832335873e-07
563.2094732543895,6.018242262588258e-07,7.409002836736331e-07
564.2098815843201,6.27016321058021e-07,7.704178842617331e-07
565.2102899142508,6.531743482365752e-07,8.010079743890518e-07
566.2106982441813,6.803318392463224e-07,8.327056342328658e-07
567.2111065741119,7.085233624200417e-07,8.655469592721968e-07
568.2115149040425,7.377845528613422e-07,8.995690841853292e-07
569.211923233973,7.68152137198628e-07,9.348102091035387e-07
570.2123315639036,7.996639678665876e-07,9.713096271978802e-07
571.2127398938343,8.323590490769715e-07,1.0091077500495183e-06
572.2131482237648,8.662775684749551e-07,1.0482461366101647e-06
573.2135565536954,9.014609295684673e-07,1.0887675192872643e-06
574.213964883626,9.379517823033848e-07,1.1307158338183416e-06
575.2143732135565,9.757940551225898e-07,1.174136248135718e-06
576.2147815434871,1.0150329921023562e-06,1.219075192313959e-06
577.2151898734178,1.0557151814281362e-06,1.2655803873948632e-06
578.2155982033483,1.0978885949511697e-06,1.3137008778349406e-06
579.2160065332789,1.1416026206672777e-06,1.3634870627211552e-06
580.2164148632095,1.186908102081622e-06,1.4149907278594976e-06
581.21682319314,1.2338573719189784e-06,1.4682650781394897e-06
582.2172315230706,1.2825042935354947e-06,1.5233647697383585e-06
583.2176398530013,1.3329042953127222e-06,1.580345946025661e-06
584.2180481829319,1.3851144154477935e-06,1.6392662734318768e-06
585.2184565128624,1.439193339821133e-06,1.700184973089468e-06
586.218864842793,1.4952014393580787e-06,1.7631628568038299e-06
587.2192731727235,1.5532008207283234e-06,1.828262368428204e-06
588.2196815026541,1.6132553631061788e-06,1.8955476190661937e-06
589.2200898325848,1.6754307593332051e-06,1.965084420605417e-06
590.2204981625154,1.739794571575998e-06,2.036940329389035e-06
591.2209064924459,1.8064162661088324e-06,2.1111846883247712e-06
592.2213148223765,1.8753672638313546e-06,2.1878886560065067e-06
593.221723152307,1.946720990912909e-06,2.2671252615331762e-06
594.2221314822376,2.020552920283575e-06,2.348969434255669e-06
595.2225398121683,2.0969406300148375e-06,2.4334980564894553e-06
596.2229481420989,2.1759638455473515e-06,2.5207899970186454e-06
597.2233564720294,2.257704498824151e-06,2.6109261656818545e-06
598.22376480196,2.3422467695233308e-06,2.703989544043561e-06
599.2241731318906,2.429677153557338e-06,2.800065244375106e-06
600.2245814618211,2.5200845073778708e-06,2.8992405522170876e-06
601.2249897917518,2.6135601030477604e-06,3.001604965347143e-06
602.2253981216824,2.7101976944219416e-06,3.107250259304268e-06
603.2258064516129,2.810093563684687e-06,3.216270514893532e-06
604.2262147815435,2.913346588751373e-06,3.328762183692201e-06
605.226623111474,3.020058296895656e-06,3.4448241330769777e-06
606.2270314414046,3.130332934066391e-06,3.564557698329709e-06
607.2274397713353,3.244277517562003e-06,3.688066734913757e-06
608.2278481012659,3.3620019087931446e-06,3.815457668075728e-06
609.2282564311964,3.483618872307758e-06,3.9468395600610766e-06
610.228664761127,3.6092441405715843e-06,4.082324142038518e-06
611.2290730910576,3.73899649280807e-06,4.2220258950993485e-06
612.2294814209881,3.872997805176372e-06,4.366062089804855e-06
613.2298897509188,4.011373135461485e-06,4.514552850243688e-06
614.2302980808494,4.154250789229772e-06,4.667621219339241e-06
615.2307064107799,4.301762391136793e-06,4.825393200596628e-06
616.2311147407105,4.454042960436612e-06,4.98799784118813e-06
617.2315230706411,4.611230985011214e-06,5.1555672751301655e-06
618.2319314005716,4.7734684976363704e-06,5.328236801978785e-06
619.2323397305023,4.94090115589877e-06,5.5061449352615584e-06
620.2327480604329,5.113678318008932e-06,5.689433475209564e-06
621.2331563903634,5.291953126679954e-06,5.878247581500348e-06
622.233564720294,5.475882588781394e-06,6.072735824365247e-06
623.2339730502246,5.665627658555524e-06,6.273050262704287e-06
624.2343813801551,5.861353333181773e-06,6.4793465163752455e-06
625.2347897100858,6.0632287125155e-06,6.69178382926271e-06
626.2351980400164,6.271427121815963e-06,6.910525141621216e-06
627.2356063699469,6.48612618005593e-06,7.135737163781923e-06
628.2360146998775,6.707507888523559e-06,7.367590456408551e-06
629.2364230298081,6.935758738335793e-06,7.606259486633534e-06
630.2368313597386,7.17106978763071e-06,7.851922725513454e-06
631.2372396896693,7.413636778176941e-06,8.10476271518038e-06
632.2376480195999,7.66366021158814e-06,8.364966148736377e-06
633.2380563495304,7.92134546509013e-06,8.632723939613066e-06
634.238464679461,8.186902885796595e-06,8.908231317156993e-06
635.2388730093916,8.460547877350935e-06,9.19168790076002e-06
636.2392813393221,8.742501042095002e-06,9.483297786896403e-06
637.2396896692528,9.032988257102821e-06,9.783269635906641e-06
638.2400979991834,9.332240780367905e-06,1.0091816736970138e-05
639.2405063291139,9.6404953810508e-06,1.040915712127991e-05
640.2409146590445,9.95799444332639e-06,1.0735513651720438e-05
641.2413229889751,1.02849860560002e-05,1.107111406498022e-05
642.2417313189056,1.0621724166050426e-05,1.1416191130862448e-05
643.2421396488363,1.096846867298096e-05,1.1770982705688938e-05
644.2425479787669,1.132548554669425e-05,1.2135731807566016e-05
645.2429563086974,1.1693046963505028e-05,1.2510686765467734e-05
646.243364638628,1.2071431410607899e-05,1.2896101262996686e-05
647.2437729685586,1.246092381201297e-05,1.3292234469321716e-05
648.2441812984891,1.2861815680814094e-05,1.3699351120583342e-05
649.2445896284198,1.3274405207426117e-05,1.411772161903538e-05
650.2449979583504,1.3698997434272527e-05,1.4547622147033e-05
651.245406288281,1.4135904355746208e-05,1.4989334774322338e-05
652.2458146182115,1.4585445040782113e-05,1.5443147535080552e-05
653.2462229481421,1.5047945835967958e-05,1.59093545531387e-05
654.2466312780726,1.5523740417448924e-05,1.6388256168599492e-05
655.2470396080033,1.601317001791754e-05,1.6880158998612512e-05
656.2474479379339,1.6516583507327867e-05,1.7385376099975352e-05
657.2478562678644,1.7034337534716953e-05,1.7904227022105677e-05
658.248264597795,1.7566796729154142e-05,1.8437037988001697e-05
659.2486729277256,1.811433382048032e-05,1.898414196549796e-05
660.2490812576561,1.867732978681992e-05,1.9545878790969915e-05
661.2494895875868,1.925617399454251e-05,2.012259527260058e-05
662.2498979175174,1.9851264402625066e-05,2.0714645360173398e-05
663.250306247448,2.046300768791869e-05,2.1322390231206517e-05
664.2507145773785,2.1091819405362205e-05,2.1946198397606923e-05
665.2511229073091,2.1738124140314142e-05,2.2586445847967002e-05
666.2515312372396,2.240235572387557e-05,2.324351618405323e-05
667.2519395671703,2.3084957357766685e-05,2.3917800749622088e-05
668.2523478971009,2.3786381805184984e-05,2.4609698726568877e-05
669.2527562270315,2.450709156510751e-05,2.5319617332966866e-05
670.253164556962,2.52475590138482e-05,2.6047971864858792e-05
671.2535728868926,2.6008266621510435e-05,2.6795185898172022e-05
672.2539812168231,2.6789707147032873e-05,2.756169140832316e-05
673.2543895467538,2.7592383786740607e-05,2.8347928868630587e-05
674.2547978766844,2.8416810351904164e-05,2.9154347499805924e-05
675.255206206615,2.926351150884285e-05,2.9981405268135717e-05
676.2556145365455,3.0133022925843635e-05,3.082956915442856e-05
677.2560228664761,3.102589147213346e-05,3.1699315181273e-05
678.2564311964067,3.194267545033142e-05,3.259112868706004e-05
679.2568395263373,3.288394474614335e-05,3.350550434321669e-05
680.2572478562679,3.385028108194095e-05,3.4442946471122315e-05
681.2576561861985,3.484227819320965e-05,3.540396896096226e-05
682.258064516129,3.586054201905331e-05,3.638909566051153e-05
683.2584728460596,3.6905690961229815e-05,3.7398860371206256e-05
684.2588811759902,3.797835605744282e-05,3.843380714036838e-05
685.2592895059208,3.907918119556643e-05,3.9494490256483086e-05
686.2596978358514,4.020882341478763e-05,4.058147453951061e-05
687.260106165782,4.1367952973568336e-05,4.169533550010993e-05
688.2605144957125,4.2557253739792435e-05,4.283665939982676e-05
689.2609228256431,4.377742334843828e-05,4.400604358242657e-05
690.2613311555738,4.502917338051511e-05,4.52040964138354e-05
691.2617394855043,4.6313229708524244e-05,4.6431437758471104e-05
692.2621478154349,4.7630332598410405e-05,4.768869882036882e-05
693.2625561453655,4.89812371213965e-05,4.897652260317904e-05
694.262964475296,5.0366713223701526e-05,5.029556392834009e-05
695.2633728052266,5.17875461424153e-05,5.164648965660162e-05
696.2637811351573,5.324453645738082e-05,5.302997886943973e-05
697.2641894650878,5.473850053226183e-05,5.4446722989087225e-05
698.2645977950184,5.627027072973135e-05,5.589742613771635e-05
699.265006124949,5.7840695568041426e-05,5.738280513962753e-05
700.2654144548795,5.945064008460813e-05,5.8903589796408464e-05
701.2658227848101,6.110098606399648e-05,6.0460523122294676e-05
702.2662311147408,6.279263236473161e-05,6.205436138609194e-05
703.2666394446713,6.452649506365816e-05,6.368587451611935e-05
704.2670477746019,6.630350789049162e-05,6.535584605432382e-05
705.2674561045325,6.812462242314915e-05,6.706507366629768e-05
706.267864434463,6.999080836935904e-05,6.881436906254201e-05
707.2682727643936,7.19030538682494e-05,7.06045582705012e-05
708.2686810943243,7.386236581511964e-05,7.243648197105907e-05
709.2690894242548,7.586977014225256e-05,7.431099566743206e-05
710.2694977541854,7.79263119736348e-05,7.622896968925949e-05
711.269906084116,8.003305613246091e-05,7.819128965789235e-05
712.2703144140465,8.219108749568656e-05,8.01988566209743e-05
713.2707227439771,8.440151102507319e-05,8.225258734806696e-05
714.2711310739078,8.666545223989438e-05,8.435341424746783e-05
715.2715394038383,8.898405749293068e-05,8.650228600326489e-05
716.2719477337689,9.135849452008587e-05,8.870016751604556e-05
717.2723560636995,9.378995235377018e-05,9.094804035105015e-05
718.27276439363,9.627964202415879e-05,9.324690261515305e-05
719.2731727235606,9.882879656676261e-05,9.559776964944337e-05
720.2735810534913,0.0001014386716891326,9.800167386042801e-05
721.2739893834218,0.00010411054588967701,0.0001004596652622046
722.2743977133524,0.0001068457208172952,0.00010297281149315809
723.274806043283,0.00010964552179131401,0.00010554219824254724
724.2752143732135,0.00011251129782896256,0.00010816892925463242
725.2756227031441,0.00011544442235039095,0.00011085412681461189
726.2760310330748,0.00011844629339287392,0.00011359893203593279
727.2764393630054,0.00012151833380465481,0.00011640450469391975
728.2768476929359,0.00012466199196789376,0.0001192720240539732
729.2772560228665,0.00012787874198701507,0.00012220268873701227
730.277664352797,0.00013117008382012056,0.00012519771708076002
731.2780726827276,0.00013453754409726372,0.0001282583473105218
732.2784810126583,0.00013798267633813617,0.00013138583815803704
733.2788893425889,0.0001415070612449952,0.0001345814687834742
734.2792976725194,0.00014511230705240732,0.00013784653900021562
735.27970600245,0.0001488000502910952,0.0001411823698581788
736.2801143323805,0.00015257195565381945,0.0001445903036364311
737.2805226623111,0.00015642971687415425,0.0001480717043130062
738.2809309922418,0.00016037505693732194,0.00015162795781895183
739.2813393221724,0.00016440972837801336,0.00015526047207351312
740.2817476521029,0.00016853551387899056,0.0001589706777261623
741.2821559820335,0.00017275422686212013,0.00016276002805889897
742.282564311964,0.00017706771132500507,0.0001666299993379755
743.2829726418946,0.0001814778429857615,0.0001705820912972856
744.2833809718253,0.00018598652911328464,0.0001746178272860463
745.2837893017559,0.00019059570951077918,0.000178738754646622
746.2841976316864,0.00019530735645010465,0.00018294644472304883
747.284605961617,0.00020012347546401603,0.0001872424939639478
748.2850142915476,0.00020504610576613756,0.00019162852313481333
749.2854226214781,0.00021007732066924742,0.00019610617829209025
750.2858309514088,0.00021521922785105283,0.000200677131297161
751.2862392813394,0.00022047397031390754,0.0002053430794515687
752.2866476112699,0.0002258437262657622,0.000210105746358201
753.2870559412005,0.00023133071015502007,0.00021496688201298552
754.2874642711311,0.00023693717263525944,0.00021992826317313477
755.2878726010616,0.00024266540141721678,0.00022499169394424523
756.2882809309923,0.0002485177218333805,0.00023015900554866555
757.2886892609229,0.0002544964970609726,0.00023543205705875905
758.2890975908534,0.0002606041286117156,0.0002408127356860452
759.289505920784,0.00026684305694969643,0.00024630295706599357
760.2899142507146,0.00027321576244890885,0.00025190466588985563
761.2903225806451,0.00027972476511660307,0.00025761983537934925
762.2907309105758,0.00028637262533753134,0.000263450468913295
763.2911392405064,0.00029316194506753184,0.00026939859913841
764.2915475704369,0.00030009536745080845,0.00027546628928266746
765.2919559003675,0.00030717557816708964,0.00028165563309747366
766.2923642302981,0.0003144053050716088,0.00028796875501182264
767.2927725602286,0.00032178731943218163,0.00029440781074184644
768.2931808901593,0.0003293244368125657,0.0003009749880083337
769.2935892200899,0.000337019516514321,0.00030767250601453604
770.2939975500204,0.0003448754630308086,0.00031450261685552345
771.294405879951,0.0003528952264856251,0.0003214676049021467
772.2948142098816,0.00036108180263490745,0.00032856978819440175
773.2952225398121,0.0003694382346002732,0.0003358115177867699
774.2956308697428,0.00037796761195431827,0.00034319517887329077
775.2960391996734,0.0003866730730186196,0.00035072319111901763
776.2964475296039,0.0003955578035411106,0.0003583980083176379
777.2968558595345,0.0004046250394401561,0.0003662221200011372
778.2972641894651,0.00041387806542389857,0.00037419805095061055
779.2976725193956,0.00042332021707806703,0.0003823283613904925
780.2980808493263,0.00043295488044624953,0.0003906156483432746
781.2984891792569,0.00044278549332433127,0.00039906254544171897
782.2988975091874,0.0004528155459170673,0.0004076717234224974
783.299305839118,0.0004630485806390451,0.0004164458900526734
784.2997141690486,0.0004734881940107828,0.0004253877917794193
785.3001224989791,0.0004841380367055085,0.0004345002129148598
786.3005308289098,0.0004950018132843205,0.00044378597703647075
787.3009391588404,0.0005060832844053699,0.0004532479460923186
788.301347488771,0.0005173862670851521,0.00046288902235487887
789.3017558187015,0.0005289146350286882,0.0004727121479370283
790.3021641486321,0.0005406723187916959,0.0004827203054258228
791.3025724785626,0.0005526633071673019,0.0004929165182020181
792.3029808084933,0.0005648916486766785,0.0005033038514510087
793.3033891384239,0.0005773614507508301,0.0005138854116943796
794.3037974683544,0.0005900768809089287,0.0005246643482832132
795.304205798285,0.0006030421682911801,0.0005356438529093133
796.3046141282156,0.0006162616024374424,0.0005468271598889704
797.3050224581461,0.0006297395372373042,0.0005582175490308485
798.3054307880768,0.0006434803876780794,0.0005698183420453467
799.3058391180074,0.0006574886337175191,0.0005816329067003972
800.306247447938,0.0006717688202083645,0.0005936646552346165
801.3066557778685,0.0006863255568737959,0.0006059170453299303
802.3070641077991,0.0007011635186765049,0.0006183935807215798
803.3074724377296,0.0007162874496503383,0.0006310978121223998
804.3078807676603,0.0007317021589640972,0.00064403333670523
805.3082890975909,0.0007474125266359068,0.0006572037992986314
806.3086974275215,0.0007634234990658659,0.0006706128921150205
807.309105757452,0.0007797400958655264,0.0006842643564588405
808.3095140873826,0.0007963674045093157,0.0006981619826394027
809.3099224173131,0.000813310585924272,0.0007123096098115219
810.3103307472438,0.0008305748729833575,0.0007267111274311167
811.3107390771744,0.0008481655708693724,0.0007413704747621413
812.311147407105,0.0008660880598117962,0.0007562916436093006
813.3115557370355,0.000884347793961362,0.0007714786750394094
814.3119640669661,0.000902950304642388,0.0007869356638845129
815.3123723968966,0.0009219011976985835,0.000802666756639839
816.3127807268273,0.0009412061578463726,0.0008186761532326924
817.3131890567579,0.0009608709474489301,0.0008349681068106667
818.3135973866885,0.0009809014073096237,0.0008515469244338435
819.314005716619,0.0010013034597995565,0.0008684169688028199
820.3144140465496,0.0010220831065666889,0.0008855826562152364
821.3148223764803,0.0010432464309478241,0.0009030484592597724
822.3152307064108,0.0010647995995968667,0.000920818908277277
823.3156390363414,0.0010867488624403802,0.0009388985885572351
824.316047366272,0.0011091005535519057,0.0009572921424832737
825.3164556962025,0.0011318610912408617,0.0009760042725628476
826.3168640261331,0.001155036982352286,0.0009950397375694962
827.3172723560638,0.0011786348184886974,0.0010144033559527164
828.3176806859943,0.0012026612811682428,0.0010341000064671975
829.3180890159249,0.0012271231386655542,0.0010541346270906047
830.3184973458555,0.0012520272519678116,0.0010745122175014807
831.318905675786,0.0012773805688710497,0.0010952378374519788
832.3193140057166,0.0013031901330114025,0.0011163166100818006
833.3197223356473,0.0013294630784310706,0.0011377537194656132
834.3201306655778,0.0013562066334561035,0.001159554414015126
835.3205389955084,0.0013834281220488364,0.0011817240052646497
836.320947325439,0.0014111349615946935,0.0012042678689691648
837.3213556553695,0.001439334667344194,0.0012271914459810684
838.3217639853001,0.0014680348525050305,0.0012505002419977958
839.3221723152308,0.0014972432292709075,0.0012741998304777883
840.3225806451613,0.001526967607369895,0.0012982958485710885
841.3229889750919,0.0015572158999391326,0.0013227940048330818
842.3233973050225,0.0015879961203837125,0.001347700072072682
843.323805634953,0.0016193163847641903,0.0013730198933696934
844.3242139648836,0.001651184912054285,0.0013987593792802657
845.3246222948143,0.0016836100282342052,0.0014249245139412604
846.3250306247448,0.0017166001631610962,0.0014515213482831212
847.3254389546754,0.0017501638546842072,0.0014785560051323874
848.325847284606,0.0017843097493988513,0.0015060346806296282
849.3262556145365,0.0018190465999758907,0.001533963640018181
850.3266639444671,0.0018543832715559728,0.0015623492267112457
851.3270722743978,0.0018903287404255001,0.0015911978511969733
852.3274806043283,0.0019268920955454528,0.0016205160038984024
853.3278889342589,0.001964082537394478,0.0016503102475195351
854.3282972641895,0.002001909382615424,0.0016805872209690706
855.32870559412,0.002040382063388112,0.0017113536384816734
856.3291139240506,0.0020795101265984627,0.0017426162942506282
857.3295222539813,0.00211930324167312,0.0017743820563485618
858.3299305839118,0.0021597711926076117,0.0018066578733587741
859.3303389138424,0.0022009238843050767,0.0018394507722577487
860.330747243773,0.002242771345364812,0.0018727678599092551
861.3311555737035,0.0022853237257387496,0.0019066163242094673
862.3315639036341,0.0023285912961516176,0.0019410034312167966
863.3319722335648,0.0023725844583856923,0.0019759365333986995
864.3323805634953,0.0024173137352332614,0.00201142306138387
865.3327888934259,0.002462789776927427,0.0020474705318923644
866.3331972233565,0.002509023366448295,0.0020840865448226915
867.333605553287,0.0025560254110139247,0.0021212787833963945
868.3340138832176,0.0026038069518635066,0.002159055016260542
869.3344222131483,0.002652379162070499,0.002197423099748727
870.3348305430789,0.002701753347738137,0.002236390977184962
871.3352388730094,0.0027519409485595677,0.0022759666764421253
872.33564720294,0.0028029535415750326,0.0023161583163350376
873.3360555328705,0.002854802841232934,0.002356974102656029
874.3364638628011,0.0029075006979636863,0.0023984223331973086
875.3368721927318,0.0029610591054249143,0.002440511394146957
876.3372805226624,0.0030154901929807837,0.002483249763536295
877.3376888525929,0.003070806237934455,0.0025266460114552864
878.3380971825235,0.0031270196571581295,0.0025707088014094
879.338505512454,0.0031841430139491066,0.00261544688687096
880.3389138423846,0.0032421890179745914,0.002660869121022023
881.3393221723153,0.0033011705235288613,0.0027069844491749116
882.3397305022459,0.003361100538419434,0.0027538019086377438
883.3401388321764,0.003421992215373272,0.0028013306395928833
884.340547162107,0.0034838588634374377,0.0028495798778016166
885.3409554920376,0.0035467139390347605,0.002898558952521905
886.3413638219681,0.0036105710594266692,0.0029482772985596198
887.3417721518988,0.003675443991845867,0.00299874444646288
888.3421804818294,0.0037413466630618407,0.0030499700265136905
889.3425888117599,0.0038082931539037143,0.0031019637716257365
890.3429971416905,0.003876297711994667,0.0031547355167912774
891.343405471621,0.00394537474092753,0.0032082952021220295
892.3438138015516,0.00401553880867456,0.0032626528654860504
893.3442221314823,0.0040868046444085294,0.003317818653620815
894.3446304614129,0.004159187147422518,0.0033738028186111766
895.3450387913434,0.0042327013801134435,0.0034306157163076405
896.345447121274,0.004307362571085998,0.0034882678101914024
897.3458554512046,0.004383186125603635,0.0035467696730831105
898.3462637811351,0.004460187611045066,0.003606131983902763
899.3466721110658,0.004538382775519585,0.003666365532554345
900.3470804409964,0.0046177875339325535,0.003727481217420241
901.3474887709269,0.004698417985220556,0.003789490052223589
902.3478971008575,0.004780290395663353,0.003852403156460213
903.3483054307881,0.004863421217631342,0.0039162317675747035
904.3487137607186,0.004947827076778872,0.0039809872320472695
905.3491220906493,0.005033524787018529,0.0040466810162214685
906.3495304205799,0.005120531343089476,0.004113324697072663
907.3499387505104,0.005208863918237041,0.004180929968508809
908.350347080441,0.005298539881252818,0.0042495086452635665
909.3507554103716,0.005389576783779817,0.004319072655019448
910.3511637403021,0.005481992362706236,0.004389634044990746
911.3515720702328,0.005575804554361835,0.004461204987013921
912.3519804001634,0.005671031479667506,0.004533797766159696
913.3523887300939,0.005767691454428734,0.004607424793877175
914.3527970600245,0.00586580299919923,0.004682098606014605
915.3532053899551,0.005965384820823301,0.004757831853896612
916.3536137198856,0.006066455822977072,0.004834637318084161
917.3540220498163,0.00616903511911394,0.0049125279039716275
918.3544303797469,0.006273142020283809,0.004991516644988348
919.3548387096774,0.006378796040827472,0.005071616695398523
920.355247039608,0.0064860169014901116,0.005152841340312733
921.3556553695386,0.00659482452348009,0.005235203995631815
922.3560636994691,0.006705239046747122,0.005318718204172668
923.3564720293998,0.006817280811870982,0.005403397638879193
924.3568803593304,0.006930970380274945,0.005489256107544741
925.3572886892609,0.007046328518610465,0.005576307546215929
926.3576970191915,0.007163376213073294,0.005664566025059687
927.3581053491221,0.007282134657894912,0.00575404575203966
928.3585136790526,0.007402625287323389,0.005844761065965009
929.3589220089833,0.007524869731812273,0.00593672644536979
930.3593303389139,0.00764888985153837,0.006029956501314432
931.3597386688444,0.007774707742404213,0.006124465989373083
932.360146998775,0.007902345707475281,0.006220269795162209
933.3605553287056,0.008031826287104155,0.006317382955172673
934.3609636586361,0.008163172252017667,0.006415820637674111
935.3613719885668,0.0082964065993808,0.0065155981535636445
936.3617803184974,0.008431552554195261,0.006616730963554555
937.362188648428,0.008568633582659812,0.006719234664040983
938.3625969783585,0.008707673392495086,0.006823125006485978
939.3630053082891,0.008848695914561215,0.006928417870156606
940.3634136382196,0.00899172532228041,0.007035129307558486
941.3638219681503,0.009136786044329286,0.007143275490929452
942.3642302980809,0.009283902741630204,0.007252872761689857
943.3646386280114,0.009433100314841096,0.0073639376021630565
944.365046957942,0.0095844039258365,0.00747648664457012
945.3654552878726,0.009737838975761439,0.0075905366790281975
946.3658636178031,0.009893431110696002,0.007706104638869841
947.3662719477338,0.01005120623475515,0.007823207620940981
948.3666802776644,0.010211190526671646,0.007941862874411287
949.367088607595,0.010373410387723088,0.008062087801581021
950.3674969375255,0.010537892489950915,0.008183899960587725
951.3679052674561,0.010704663776591504,0.00830731707408203
952.3683135973868,0.01087375143447284,0.00843235701307864
953.3687219273173,0.011045182930444318,0.008559037817100167
954.3691302572479,0.011218985983236035,0.008687377689789555
955.3695385871785,0.011395188590794546,0.008817394985794032
956.369946917109,0.011573819008874697,0.008949108225543002
957.3703552470396,0.011754905782137894,0.009082536100726634
958.3707635769703,0.011938477708548204,0.009217697465139816
959.3711719069008,0.012124563865120772,0.009354611328949124
960.3715802368314,0.012313193630248666,0.009493296894367675
961.371988566762,0.012504396626399641,0.009633773500236004
962.3723968966925,0.012698202781385034,0.009776060673041136
963.3728052266231,0.012894642293206776,0.009920178110874594
964.3732135565538,0.013093745658442839,0.010066145682220924
965.3736218864843,0.013295543641221836,0.01021398341978837
966.3740302164149,0.01350006732711389,0.010363711535427334
967.3744385463455,0.013707348054228267,0.010515350419159939
968.374846876276,0.013917417473765853,0.010668920630560883
969.3752552062066,0.014130307543726598,0.01082444291448335
970.3756635361373,0.014346050495060814,0.010981938184849023
971.3760718660678,0.014564678877583798,0.011141427535438559
972.3764801959984,0.01478622553253795,0.01130293225156116
973.376888525929,0.015010723604338388,0.011466473785265927
974.3772968558595,0.015238206555020407,0.011632073782438981
975.3777051857901,0.015468708138400617,0.011799754065499402
976.3781135157208,0.015702262431993755,0.01196953663955021
977.3785218456513,0.015938903810463676,0.012141443704645809
978.3789301755819,0.016178666984247008,0.012315497648956748
979.3793385055125,0.016421586959327095,0.012491721032497433
980.379746835443,0.01666769906297877,0.012670136613612713
981.3801551653736,0.016917038957934585,0.012850767353757146
982.3805634953043,0.017169642617648865,0.013033636386141287
983.3809718252348,0.017425546337652996,0.013218767046201244
984.3813801551654,0.01768478674984452,0.013406182864057217
985.381788485096,0.017947400810713277,0.013595907556204727
986.3821968150265,0.01821342581374427,0.013787965042087123
987.3826051449571,0.018482899366174796,0.013982379445727685
988.3830134748878,0.018755859437723545,0.014179175070971252
989.3834218048183,0.019032344327106206,0.014378376441474721
990.3838301347489,0.019312392659033235,0.014580008265953416
991.3842384646795,0.0195960434241343,0.014784095462305384
992.38464679461,0.01988333593661453,0.01499066314881366
993.3850551245406,0.020174309872468616,0.015199736652187887
994.3854634544713,0.020469005241829125,0.015411341498250901
995.3858717844018,0.020767462431182538,0.01562550341629245
996.3862801143324,0.02106972214857108,0.015842248365842634
997.386688444263,0.021375825485674217,0.01606160247957294
998.3870967741935,0.02168581388676012,0.01628359214157264
999.3875051041241,0.02199972912745679,0.016508243899163378
1000.3879134340548,0.022317613395437797,0.016735584565921918
1001.3883217639853,0.022639509201419026,0.016965641119954234
1002.3887300939159,0.02296545945855454,0.017198440785732728
1003.3891384238465,0.023295507414055217,0.01743401099282888
1004.389546753777,0.023629696717651572,0.017672379392783516
1005.3899550837076,0.023968071373101155,0.01791357384810261
1006.3903634136383,0.024310675764482054,0.018157622445609044
1007.3907717435688,0.024657554676004594,0.018404553485101095
1008.3911800734994,0.02500875324343684,0.018654395510409847
1009.39158840343,0.025364317010374445,0.01890717726807363
1010.3919967333605,0.025724291878407992,0.01916292773388152
1011.3924050632911,0.026088724174263174,0.019421676109882383
1012.3928133932218,0.026457660587016787,0.019683451830207
1013.3932217231524,0.02683114822149458,0.019948284548684175
1014.3936300530829,0.02720923454522185,0.02021620417241655
1015.3940383830135,0.02759196747195971,0.020487240793046306
1016.394446712944,0.02797939527630473,0.020761424776684738
1017.3948550428746,0.028371566642773613,0.02103878670924286
1018.3952633728053,0.028768530672059187,0.02131935739672618
1019.3956717027359,0.02917033688759083,0.021603167915796813
1020.3960800326664,0.02957703517354705,0.02189024953579893
1021.396488362597,0.02998867588200394,0.022180633820291805
1022.3968966925275,0.030405309736603256,0.02247435249074902
1023.3973050224581,0.03082698793597222,0.0227714375919939
1024.3977133523888,0.03125376203645972,0.023071921375428444
1025.3981216823195,0.0316856840313319,0.02337583631963962
1026.39853001225,0.03212280638043551,0.023683215191240333
1027.3989383421804,0.032565181920751626,0.02399409095402852
1028.399346672111,0.03301286395755666,0.024308496857551095
1029.3997550020417,0.03346590621111234,0.024626466377852547
1030.4001633319722,0.03392436283368922,0.024948033246309096
1031.4005716619029,0.03438828842384181,0.025273231457147608
1032.4009799918335,0.034857738017315634,0.025602095233710737
1033.401388321764,0.03533276710166358,0.025934659064421953
1034.4017966516944,0.03581343159434229,0.026270957710934788
1035.4022049816251,0.03629978787795736,0.02661102616102112
1036.4026133115558,0.03679189278254317,0.026954899671795676
1037.4030216414862,0.03728980357049021,0.02730261377177656
1038.403429971417,0.03779357799925568,0.027654204224340454
1039.4038383013476,0.03830327424632089,0.02800970709909144
1040.404246631278,0.038818950972375234,0.028369158657147783
1041.4046549612085,0.039340667307075076,0.02873259549498018
1042.4050632911394,0.039868482819461426,0.029100054435149826
1043.4054716210699,0.040402457579851184,0.029471572573063258
1044.4058799510003,0.040942652126479864,0.02984718727172063
1045.406288280931,0.041489127434000926,0.03022693619113624
1046.4066966108617,0.04204194498695061,0.030610857205869427
1047.4071049407921,0.04260116677963592,0.03099898854706798
1048.4075132707228,0.04316685521017854,0.03139136858991219
1049.4079216006535,0.04373907323570806,0.03178803612419585
1050.408329930584,0.04431788426130777,0.032189030143505146
1051.4087382605144,0.04490335220791861,0.032594389910162266
1052.409146590445,0.04549554145312125,0.033004155005956756
1053.4095549203757,0.046094516901112034,0.03341836524267605
1054.4099632503062,0.04670034396567699,0.03383706077841602
1055.4103715802369,0.04731308851848043,0.03426028199537435
1056.4107799101675,0.04793281696697467,0.03468806958224152
1057.411188240098,0.0485595962365879,0.03512046453695322
1058.4115965700285,0.049193493728309584,0.03555750809497962
1059.4120048999591,0.049834577371346445,0.035999241819742706
1060.4124132298898,0.050482915626887566,0.036445707551294663
1061.4128215598203,0.05113857744428277,0.036896947411114975
1062.413229889751,0.051801632316074514,0.03735300383328984
1063.4136382196816,0.05247215025777031,0.03781391954069865
1064.414046549612,0.053150201791961664,0.038279737537114
1065.4144548795425,0.05383585799368052,0.03875050113021146
1066.4148632094734,0.05452919043753817,0.039226253933379696
1067.4152715394039,0.05523027128839299,0.039707039853677906
1068.4156798693343,0.05593917319049361,0.04019290309750649
1069.416088199265,0.056655969358793315,0.04068388817187282
1070.4164965291957,0.057380733583707856,0.04118003990962401
1071.4169048591261,0.05811354010740185,0.04168140338967591
1072.4173131890568,0.05885446379178162,0.0421880240722789
1073.4177215189875,0.05960358006345127,0.042699947685693594
1074.418129848918,0.060360964882172165,0.043217220255274545
1075.4185381788486,0.061126694728024886,0.043739888155034504
1076.418946508779,0.06190084668112598,0.0442679980237307
1077.4193548387098,0.06268349841241769,0.044801596878095894
1078.4197631686402,0.06347472808476674,0.04534073195978895
1079.4201714985709,0.06427461450070683,0.04588545093429384
1080.4205798285016,0.06508323697340997,0.04643580167719431
1081.420988158432,0.0659006754713893,0.046991832471432404
1082.4213964883627,0.06672701044778515,0.047553591864579914
1083.4218048182931,0.06756232299460779,0.04812112874525587
1084.4222131482238,0.06840669480949535,0.04869449234001362
1085.4226214781543,0.06926020808704757,0.049273732163969096
1086.423029808085,0.07012294571197764,0.049858898101276694
1087.4234381380156,0.07099499109478054,0.050450040332742946
1088.423846467946,0.07187642826244119,0.05104720937100723
1089.4242547978768,0.07276734182878432,0.05165045606812798
1090.4246631278072,0.07366781707384282,0.05225983162968349
1091.4250714577379,0.07457793977714804,0.0528753875312602
1092.4254797876686,0.07549779642502141,0.05349717566555829
1093.425888117599,0.07642747404175955,0.054125248184860565
1094.4262964475297,0.07736706028710282,0.05475965763174643
1095.4267047774601,0.0783166434514491,0.055400456866233815
1096.4271131073908,0.0792763124412154,0.056047699072412825
1097.4275214373213,0.08024615678155783,0.0567014378513074
1098.427929767252,0.08122626661908636,0.05736172701966433
1099.4283380971826,0.08221673273414448,0.05802862086731215
1100.428746427113,0.08321764651503082,0.05870217394743946
1101.4291547570438,0.08422910003797411,0.05938244122519761
1102.4295630869742,0.08525118599398271,0.06006947792902025
1103.429971416905,0.08628399768034144,0.06076333971678578
1104.4303797468356,0.0873276290523324,0.06146408256020597
1105.430788076766,0.0883821747579962,0.062171762801891475
1106.4311964066967,0.08944773005019928,0.06288643713581225
1107.4316047366272,0.09052439085009736,0.06360816261589386
1108.4320130665578,0.09161225371908707,0.06433699662766575
1109.4324213964883,0.09271141591482884,0.06507299695633871
1110.432829726419,0.093821975320052,0.06581622170626791
1111.4332380563496,0.09494403050963261,0.06656672940845124
1112.43364638628,0.09607768069931877,0.06732457886104933
1113.4340547162108,0.0972230257923714,0.06808982930756256
1114.4344630461412,0.09838016637212207,0.06886254035469028
1115.434871376072,0.09954920370533474,0.0696427719491894
1116.4352797060026,0.10073023971039784,0.07043058439406885
1117.435688035933,0.10192337701795033,0.07122603839901293
1118.4360963658637,0.10312871895162375,0.07202919503352347
1119.4365046957942,0.10434636949498789,0.07284011574455841
1120.4369130257248,0.10557643335425529,0.07365886235814019
1121.4373213556553,0.10681901590091591,0.07448549706362492
1122.437729685586,0.10807422326101986,0.07532008246695626
1123.4381380155166,0.10934216216874955,0.0761626814434961
1124.438546345447,0.11062294022145815,0.07701335744702097
1125.4389546753778,0.11191666552722723,0.07787217411429216
1126.4393630053082,0.11322344713118584,0.0787391955851718
1127.439771335239,0.11454339452514117,0.07961448634393123
1128.4401796651696,0.11587661820140782,0.08049811130266264
1129.4405879951,0.11722322916758295,0.08139013571020212
1130.4409963250307,0.11858333928257628,0.08229062524642224
1131.4414046549612,0.1199570610157711,0.0831996459387589
1132.4418129848918,0.12134450771163968,0.08411726424929772
1133.4422213148223,0.1227457933869044,0.0850435470587058
1134.442629644753,0.12416103267211873,0.08597856155883764
1135.4430379746836,0.12559034114389847,0.08692237544169465
1136.443446304614,0.12703383507379273,0.08787505673261183
1137.4438546345448,0.128491631323724,0.08883667382936355
1138.4442629644752,0.1299638477636808,0.08980729565887846
1139.444671294406,0.1314506027541374,0.0907869914214132
1140.4450796243366,0.1329520156137326,0.09177583078775205
1141.445487954267,0.13446820638358004,0.0927738838610392
1142.4458962841977,0.13599929574896621,0.09378122107038907
1143.4463046141282,0.13754540532386345,0.0947979133002196
1144.4467129440588,0.13910665735568553,0.09582403188303716
1145.4471212739893,0.14068317504812167,0.09685964853518488
1146.44752960392,0.14227508211095138,0.09790483535664773
1147.4479379338507,0.1438825033339833,0.09895966489993142
1148.448346263781,0.1455055640822387,0.10002421017348671
1149.4487545937118,0.14714439059551096,0.10109854449218314
1150.4491629236422,0.14879910985799288,0.10218274173433746
1151.449571253573,0.15046984970395078,0.10327687606232527
1152.4499795835036,0.15215673873554197,0.10438102219601471
1153.450387913434,0.15385990639598043,0.10549525515123453
1154.4507962433647,0.15557948286633647,0.10661965051970534
1155.4512045732952,0.15731559911994905,0.10775428417742414
1156.4516129032259,0.1590683871100271,0.10889923253188247
1157.4520212331563,0.16083797937041774,0.11005457233678656
1158.452429563087,0.16262450940326678,0.11122038088314129
1159.4528378930177,0.16442811153763834,0.1123967358230739
1160.453246222948,0.16624892085561818,0.11358371525987936
1161.4536545528788,0.16808707328939765,0.11478139776363565
1162.4540628828092,0.1699427056258015,0.11598986230666362
1163.45447121274,0.17181595545084463,0.11720918829028071
1164.4548795426706,0.17370696125213725,0.11843945562836777
1165.455287872601,0.17561586234389973,0.11968074464106133
1166.4556962025317,0.17754279878669138,0.1209331361104846
1167.4561045324622,0.17948791161510352,0.12219671121191981
1168.4565128623929,0.18145134265790872,0.12347155162740919
1169.4569211923233,0.18343323458084404,0.1247577394486066
1170.457329522254,0.18543373099685848,0.12605535726413555
1171.4577378521847,0.18745297629969002,0.1273644881485813
1172.4581461821151,0.1894911156626662,0.12868521547084927
1173.4585545120458,0.19154829543875893,0.13001762325049704
1174.4589628419762,0.19362466250465196,0.13136179589408742
1175.459371171907,0.19572036486010183,0.13271781817741465
1176.4597795018376,0.19783555116115858,0.13408577547642422
1177.460187831768,0.19997037124675196,0.13546575357089585
1178.4605961616987,0.2021249754524356,0.13685783865872556
1179.4610044916292,0.20429951537738275,0.13826211751596446
1180.4614128215599,0.20649414333114868,0.13967867734147119
1181.4618211514903,0.20870901247277396,0.14110760569029315
1182.462229481421,0.2109442771063172,0.1425489908012321
1183.4626378113517,0.2132000921017125,0.14400292122370592
1184.4630461412821,0.21547661343172456,0.1454694859632486
1185.4634544712128,0.2177739980084853,0.1469487746874078
1186.4638628011433,0.2200924035346079,0.14844087732201414
1187.464271131074,0.22243198878473924,0.1499458844428966
1188.4646794610046,0.2247929133293408,0.1514638870392786
1189.465087790935,0.22717533774287504,0.15299497652958866
1190.4654961208657,0.22957942347779198,0.15453924490419182
1191.4659044507962,0.23200533286520014,0.15609678460416926
1192.4663127807269,0.23445322930651857,0.15766768855772445
1193.4667211106573,0.23692327700824017,0.15925205014459445
1194.467129440588,0.2394156412569126,0.1608499633267537
1195.4675377705187,0.24193048820452706,0.16246152246542445
1196.4679461004491,0.24446798500990097,0.1640868225088942
1197.4683544303798,0.2470282997013027,0.16572595876721122
1198.4687627603103,0.24961160123354104,0.16737902723821943
1199.469171090241,0.25221805966602207,0.1690461242053911
1200.4695794201716,0.2548478459364268,0.17072734660624986
1201.469987750102,0.25750113200946617,0.17242279180076633
1202.4703960800327,0.26017809067139464,0.17413255769050678
1203.4708044099632,0.2628788958316495,0.1758567426606506
1204.4712127398939,0.265603722379506,0.17759544566313343
1205.4716210698246,0.26835274612505805,0.17934876605411074
1206.472029399755,0.271126143799447,0.18111680375896944
1207.4724377296857,0.27392409327822337,0.18289965925553672
1208.4728460596161,0.2767467733351558,0.18469743342709502
1209.4732543895468,0.27959436383602476,0.1865102277974077
1210.4736627194773,0.2824670453853013,0.18833814429729173
1211.474071049408,0.28536499994731207,0.19018128539356188
1212.4744793793386,0.28828841026407687,0.19203975415855482
1213.474887709269,0.29123746008416485,0.19391365411785458
1214.4752960391997,0.29421233430302474,0.19580308927123713
1215.4757043691302,0.29721321876568935,0.19770816427597152
1216.4761126990609,0.30024030037154303,0.19962898417599464
1217.4765210289916,0.3032937668676163,0.2015656546312486
1218.476929358922,0.3063738073780101,0.2035182818050937
1219.4773376888527,0.30948061166861296,0.20548697238848146
1220.4777460187831,0.3126143707856411,0.20747183360132448
1221.4781543487138,0.31577527677760786,0.2094729731938598
1222.4785626786443,0.31896352273398876,0.2114904994726241
1223.478971008575,0.3221793028260776,0.21352452125326962
1224.4793793385056,0.3254228120849104,0.21557514793601687
1225.479787668436,0.3286942467394938,0.21764248935737004
1226.4801959983668,0.33199380422767977,0.2197266560935795
1227.4806043282972,0.3353216827387867,0.2218277590326887
1228.4810126582279,0.33867808171396124,0.22394590970378
1229.4814209881586,0.3420632016999031,0.22608122023054264
1230.481829318089,0.34547724423351184,0.22823380330851378
1231.4822376480197,0.34892041180059785,0.23040377201992082
1232.4826459779501,0.3523929082843413,0.23259124009816026
1233.4830543078808,0.355894938446135,0.2347963220161497
1234.4834626378113,0.3594267080442432,0.2370191323344477
1235.483870967742,0.36298842408642434,0.23925978657181726
1236.4842792976726,0.36658029488411215,0.24151840074802453
1237.484687627603,0.3702025292473799,0.24379509129740634
1238.4850959575338,0.3738553375031484,0.24608997534998697
1239.4855042874642,0.3775389311239892,0.24840317047914234
1240.485912617395,0.38125352260040235,0.2507347949017859
1241.4863209473256,0.38499932552938465,0.2530849674542012
1242.486729277256,0.38877655448185633,0.25545380738787443
1243.4871376071867,0.3925854254105266,0.25784143472402354
1244.4875459371171,0.39642615515871954,0.260247969810108
1245.4879542670478,0.40029896196498577,0.2626735336462049
1246.4883625969783,0.4042040649621995,0.26511824804470807
1247.488770926909,0.4081416844544628,0.2675822350199527
1248.4891792568396,0.4121120419224925,0.2700656174638769
1249.48958758677,0.4161153600290469,0.2725685185904789
1250.4899959167008,0.4201518626733072,0.27509106259785565
1251.4904042466312,0.42422177455428217,0.27763337365424307
1252.490812576562,0.42832532190524586,0.28019557714317816
1253.4912209064926,0.4324627319117701,0.2827777985751919
1254.491629236423,0.4366342328577125,0.28538016416596396
1255.4920375663537,0.4408400544337237,0.2880028010110808
1256.4924458962842,0.4450804274934888,0.29064583632275554
1257.4928542262148,0.44935558374301227,0.2933093982972029
1258.4932625561453,0.4536657562568366,0.29599361547962755
1259.493670886076,0.45801117938439534,0.298698617032606
1260.4940792160066,0.46239208854281033,0.30142453287906956
1261.494487545937,0.4668087203778601,0.3041714934988825
1262.4948958758678,0.4712613126598246,0.30693962967825517
1263.4953042057982,0.47575010439463755,0.30972907321901183
1264.495712535729,0.4802753358853667,0.31253995634058845
1265.4961208656596,0.4848372484582666,0.31537241163625723
1266.49652919559,0.48943608468567673,0.3182265728792223
1267.4969375255207,0.49407208856414253,0.32110257392884206
1268.4973458554512,0.4987455051217509,0.3240005493872129
1269.4977541853818,0.5034565804715543,0.326920634530743
1270.4981625153123,0.5082055621639053,0.32986296535295595
1271.498570845243,0.5129926990809357,0.3328276782219644
1272.4989791751736,0.5178182407819976,0.3358149102229571
1273.499387505104,0.5226824387589892,0.338824799085467
1274.4997958350348,0.5275855453676218,0.3418574830667052
1275.5002041649652,0.5325278141232104,0.344913101310353
1276.500612494896,0.5375094999508564,0.34799179333335584
1277.5010208248266,0.5425308590706078,0.35109369930226825
1278.501429154757,0.5475921486844875,0.3542189598710175
1279.5018374846877,0.5526936276752215,0.35736771663393896
1280.5022458146182,0.5578355559804117,0.3605401117216217
1281.5026541445488,0.5630181944553305,0.3637362878828763
1282.5030624744793,0.5682418055881536,0.36695638822934434
1283.50347080441,0.5735066533873125,0.37020055687153114
1284.5038791343407,0.5788130023858628,0.3734689384149155
1285.504287464271,0.5841611191742827,0.37676167808673605
1286.5046957942018,0.5895512710678239,0.38007892173683977
1287.5051041241322,0.5949837270538387,0.3834208159724174
1288.505512454063,0.6004587571842694,0.3867875077144122
1289.5059207839936,0.605976632780402,0.39017914504760787
1290.506329113924,0.6115376265066371,0.3935958762370915
1291.5067374438547,0.6171420124481399,0.3970378504025177
1292.5071457737852,0.6227900659749755,0.4005052173889908
1293.5075541037158,0.6284820635252469,0.4039981274427014
1294.5079624336463,0.6342182831145088,0.40751673167592717
1295.508370763577,0.639999003755596,0.41106118179088436
1296.5087790935077,0.6458245064250382,0.41463162998189684
1297.509187423438,0.6516950725029448,0.41822822931935505
1298.5095957533688,0.657610985571813,0.4218511334662214
1299.5100040832992,0.6635725298380332,0.42550049672618995
1300.51041241323,0.669579991506225,0.429176474144309
1301.5108207431606,0.6756336577119951,0.43287922136078427
1302.511229073091,0.6817338168242912,0.43660889455869234
1303.5116374030217,0.687880758684409,0.44036565061406124
1304.5120457329522,0.6940747746962558,0.44414964730546724
1305.5124540628829,0.7003161573504105,0.4479610429606587
1306.5128623928133,0.7066052007091503,0.45179999645279856
1307.513270722744,0.7129422000047815,0.45566666735572975
1308.5136790526747,0.7193274519695447,0.4595612160537753
1309.514087382605,0.7257612544228844,0.4634838034793479
1310.5144957125358,0.7322439070296307,0.46743459127221604
1311.5149040424662,0.738775710464851,0.47141374189210106
1312.515312372397,0.7453569668347771,0.4754214181834373
1313.5157207023276,0.7519879800329586,0.4794577839782071
1314.516129032258,0.7586690542603955,0.4835230034350752
1315.5165373621887,0.7654004968322485,0.48761724193393396
1316.5169456921192,0.7721826144828932,0.4917406647835994
1317.5173540220499,0.779015717090153,0.49589343886521453
1318.5177623519803,0.7859001147376792,0.5000757308084695
1319.518170681911,0.7928361196033136,0.504287708831712
1320.5185790118417,0.7998240449691584,0.5085295412423751
1321.5189873417721,0.806864205587204,0.5128013973679436
1322.5193956717028,0.8139569174959183,0.5171034469090827
1323.5198040016332,0.8211024984004262,0.5214358604131243
1324.520212331564,0.828301267204827,0.5257988092207397
1325.5206206614946,0.8355535447839386,0.5301924655331189
1326.521028991425,0.8428596522444707,0.5346170015487546
1327.5214373213557,0.8502199137461695,0.5390725911297968
1328.5218456512862,0.8576346530820979,0.5435594079455152
1329.5222539812169,0.8651041974298096,0.5480776270949862
1330.5226623111475,0.872628873884592,0.5526274237235613
1331.523070641078,0.8802090119574688,0.5572089746183455
1332.5234789710087,0.8878449418639707,0.5618224560901746
1333.5238873009391,0.8955369953288459,0.5664680460357775
1334.5242956308698,0.9032855063281809,0.5711459225129921
1335.5247039608003,0.9110908098544911,0.5758562649929283
1336.525112290731,0.9189532421143776,0.5805992531061492
1337.5255206206616,0.9268731407368004,0.5853750668934391
1338.525928950592,0.9348508456452244,0.5901838883749364
1339.5263372805227,0.9428866973402218,0.595025898694233
1340.5267456104532,0.9509810381922176,0.5999012808472072
1341.5271539403839,0.9591342123501506,0.6048102181108571
1342.5275622703145,0.9673465645186133,0.6097528947361803
1343.527970600245,0.9756184416246924,0.6147294953872802
1344.5283789301757,0.9839501927384648,0.6197402056348803
1345.5287872601061,0.992342166793353,0.6247852118923589
1346.5291955900368,1.0007947160143706,0.6298647010550755
1347.5296039199673,1.0093081923557883,0.6349788606393705
1348.530012249898,1.0178829506276124,0.6401278793756647
1349.5304205798286,1.0265193461666495,0.6453119464030704
1350.530828909759,1.0352177373284177,0.6505312517874644
1351.5312372396897,1.043978482637549,0.65578598614885
1352.5316455696202,1.0528019425715713,0.6610763410399835
1353.5320538995509,1.0616884787174,0.6664025081797527
1354.5324622294816,1.070638454878667,0.6717646808389514
1355.532870559412,1.0796522364796843,0.6771630528496513
1356.5332788893427,1.088730189684824,0.6825978180426737
1357.5336872192731,1.0978726830294259,0.6880691721412979
1358.5340955492038,1.1070800862981915,0.693577310871026
1359.5345038791343,1.116352769865856,0.699122430500364
1360.534912209065,1.1256911080674346,0.7047047293106986
1361.5353205389956,1.1350954740169785,0.7103244045058672
1362.535728868926,1.1445662445569702,0.715981655640681
1363.5361371988567,1.1541037965909073,0.7216766819979773
1364.5365455287872,1.1637085097326851,0.7274096843269369
1365.5369538587179,1.1733807647185597,0.733180863507141
1366.5373621886486,1.183120943391259,0.7389904219012116
1367.537770518579,1.1929294303501767,0.7448385619975594
1368.5381788485097,1.202806610483175,0.7507254871728074
1369.5385871784401,1.2127528710333784,0.7566514016981735
1370.5389955083708,1.2227686009227778,0.7626165109235099
1371.5394038383013,1.232854190041259,0.7686210203065945
1372.539812168232,1.243010030815505,0.7746651365606034
1373.5402204981626,1.2532365159167178,0.7807490667658042
1374.540628828093,1.263534041443644,0.7868730194541375
1375.5410371580238,1.2739030032935663,0.7930372029754907
1376.5414454879542,1.2843438002303131,0.7992418274151961
1377.5418538178849,1.294856832431924,0.8054871030390856
1378.5422621478156,1.3054425008772712,0.8117732411217116
1379.542670477746,1.3161012097669897,0.8181004537662354
1380.5430788076767,1.3268333630395477,0.8244689532356871
1381.5434871376071,1.337639367878244,0.8308789536710821
1382.5438954675378,1.3485196321118422,0.8373306693809622
1383.5443037974683,1.3594745660761203,0.843824315407738
1384.544712127399,1.3705045802592162,0.8503601074279737
1385.5451204573296,1.3816100884607456,0.8569382625458727
1386.54552878726,1.3927915055930205,0.8635589979119469
1387.5459371171908,1.4040492479887978,0.8702225322149063
1388.5463454471212,1.4153837333948358,0.876929083976425
1389.546753777052,1.4267953817957428,0.883678873675519
1390.5471621069826,1.4382846152730993,0.890472121721585
1391.547570436913,1.449851855831535,0.8973090494666105
1392.5479787668437,1.4614975295847388,0.904189879843737
1393.5483870967741,1.4732220620549454,0.9111148351711207
1394.5487954267048,1.4850258817146558,0.9180841396636883
1395.5492037566353,1.496909418821415,0.9250980182920692
1396.549612086566,1.5088731047220865,0.9321566959136495
1397.5500204164966,1.5209173723629328,0.9392603994255184
1398.550428746427,1.5330426575384735,0.9464093558298964
1399.5508370763578,1.5452493962423448,0.9536037929853547
1400.5512454062882,1.5575380276925863,0.9608439397217664
1401.551653736219,1.569908990923185,0.9681300252841403
1402.5520620661496,1.5823627287642024,0.9754622804543371
1403.55247039608,1.594899684400516,0.9828409363212538
1404.5528787260107,1.6075203030046377,0.9902662244931398
1405.5532870559412,1.6202250319393323,0.9977383784814903
1406.5536953858718,1.6330143198287235,1.005257631519897
1407.5541037158023,1.6458886173092382,1.0128242181742209
1408.554512045733,1.6588483770439122,1.0204383738881178
1409.5549203756636,1.671894051790556,1.0281003346272042
1410.555328705594,1.6850260984594427,1.0358103372305962
1411.5557370355248,1.6982449744555237,1.0435686198999738
1412.5561453654552,1.7115511386279414,1.0513754205073436
1413.556553695386,1.7249450518636888,1.059230979018921
1414.5569620253166,1.7384271781140248,1.0671355360532189
1415.557370355247,1.7519979805734671,1.075089331999137
1416.5577786851777,1.765657925694914,1.083092609120901
1417.5581870151082,1.7794074830447253,1.0911456100741186
1418.5585953450388,1.7932471209740488,1.0992485789140274
1419.5590036749693,1.8071773117644379,1.1074017595706065
1420.5594120049,1.8211985287473975,1.1156053975021485
1421.5598203348306,1.8353112475607256,1.1238597389372462
1422.560228664761,1.849515944234122,1.1321650308732512
1423.5606369946918,1.863813099043663,1.1405215209418995
1424.5610453246222,1.8782031915813995,1.1489294583390224
1425.561453654553,1.892686705068636,1.157389091965974
1426.5618619844836,1.9072641233217738,1.1659006724244396
1427.562270314414,1.9219359324983816,1.1744644513656648
1428.5626786443447,1.9367026204447697,1.1830806802592497
1429.5630869742752,1.9515646764671857,1.1917496120210689
1430.5634953042058,1.9665225929239225,1.2004715007570363
1431.5639036341363,1.9815768629690838,1.2092466013542345
1432.564311964067,1.9967279816781738,1.218075169053761
1433.5647202939977,2.0119764453523383,1.2269574598619122
1434.565128623928,2.027322754094673,1.2358937311236255
1435.5655369538588,2.042767408559501,1.2448842416862016
1436.5659452837892,2.0583109101453587,1.2539292495880503
1437.56635361372,2.0739537643366623,1.263029015086486
1438.5667619436506,2.0896964771435838,1.2721837989313225
1439.567170273581,2.1055395562799073,1.281393862352258
1440.5675786035117,2.1214835123955726,1.2906594682480117
1441.5679869334422,2.1375288571301905,1.2999808795518717
1442.5683952633728,2.1536761033335963,1.3093583602694367
1443.5688035933033,2.1699257678232082,1.318792175640755
1444.569211923234,2.1862783676491304,1.3282825915360583
1445.5696202531647,2.2027344218298355,1.3378298752267417
1446.570028583095,2.2192944526508924,1.3474342936799217
1447.5704369130258,2.2359589818159438,1.3570961158867467
1448.5708452429562,2.2527285353395317,1.366815611154688
1449.571253572887,2.269603639150293,1.3765930494087784
1450.5716619028176,2.28658482327862,1.3864287024746205
1451.572070232748,2.3036726173838256,1.3963228421654421
1452.5724785626787,2.320867554184222,1.4062757410694724
1453.5728868926092,2.3381701692318893,1.4162876737014494
1454.5732952225399,2.3555809976596187,1.4263589143823006
1455.5737035524703,2.3731005779645225,1.4364897388737508
1456.574111882401,2.3907294517876196,1.4466804235571797
1457.5745202123317,2.4084681594762998,1.456931245933892
1458.5749285422621,2.4263172464640967,1.467242484634381
1459.5753368721928,2.4442772582701284,1.4776144182236133
1460.5757452021232,2.4623487427265487,1.4880473274200616
1461.576153532054,2.4805322497073568,1.4985414923502784
1462.5765618619846,2.4988283308446713,1.5090971960108295
1463.576970191915,2.517237540404387,1.5197147199163
1464.5773785218457,2.5357604356101024,1.5303943497172243
1465.5777868517762,2.5543975710330904,1.541136367959558
1466.5781951817069,2.573149508310888,1.5519410613516336
1467.5786035116375,2.5920168087960858,1.5628087159682846
1468.579011841568,2.611000035603846,1.5737396188462889
1469.5794201714987,2.630099754832699,1.5847340589100236
1470.5798285014291,2.649316533137822,1.5957923245918137
1471.5802368313598,2.668650940789052,1.6069147060286166
1472.5806451612902,2.688103549543871,1.618101494714395
1473.581053491221,2.7076749323170946,1.6293529823785284
1474.5814618211516,2.727365663788948,1.640669461727038
1475.581870151082,2.74717632263934,1.6520512258689237
1476.5822784810127,2.767107487436747,1.6634985702360776
1477.5826868109432,2.787159739809098,1.675011789513373
1478.5830951408739,2.8073336625250978,1.6865911813122636
1479.5835034708045,2.827629842758045,1.698237042287589
1480.583911800735,2.8480488662081065,1.709949670860135
1481.5843201306657,2.868591322990018,1.7217293668462839
1482.5847284605961,2.889257804024025,1.7335764290534568
1483.5851367905268,2.9100489037053747,1.7454911598880227
1484.5855451204573,2.930965216548107,1.7574738609476974
1485.585953450388,2.9520073398686546,1.7695248348163295
1486.5863617803186,2.973175874163608,1.7816443861041775
1487.586770110249,2.9944714203654423,1.7938328187718633
1488.5871784401797,3.0158945818945972,1.8060904390205712
1489.5875867701102,3.037445964325585,1.8184175534329468
1490.5879951000409,3.0591261757504986,1.83081446980758
1491.5884034299715,3.0809358253644668,1.843281496740458
1492.588811759902,3.1028755266859895,1.8558189436211558
1493.5892200898327,3.124945889637851,1.8684271206289282
1494.5896284197631,3.1471475339044894,1.8811063393856737
1495.5900367496938,3.16948107555871,1.8938569120922124
1496.5904450796243,3.191947133921806,1.90667915173884
1497.590853409555,3.214546332358175,1.9195733736654836
1498.5912617394856,3.237279295333759,1.9325398920106769
1499.591670069416,3.260146647625111,1.9455790225839606
1500.5920783993467,3.2831490188466232,1.9586910840319398
1501.5924867292772,3.306287037393287,1.971876392164094
1502.5928950592079,3.3295613369162655,1.9851352674519225
1503.5933033891386,3.352972552144925,1.998468029804735
1504.593711719069,3.3765213188537704,2.011874998987466
1505.5941200489997,3.4002082758078993,2.025356497650057
1506.5945283789301,3.424034064399348,2.0389128487826644
1507.5949367088608,3.447999327865834,2.052544375217723
1508.5953450387913,3.4721047096677156,2.066251402480108
1509.595753368722,3.4963508579024674,2.080034256182801
1510.5961616986526,3.5207384221178577,2.093893262485909
1511.596570028583,3.545268051227775,2.1078287488200442
1512.5969783585138,3.569940401315757,2.121841043897785
1513.5973866884442,3.5947561274452524,2.1359304777252874
1514.5977950183749,3.619715886501814,2.1500973806128587
1515.5982033483056,3.6448203380345268,2.1643420834057028
1516.598611678236,3.670070145559756,2.178664918992441
1517.5990200081667,3.695465971035093,2.1930662208100724
1518.5994283380971,3.7210084820979117,2.207546322830772
1519.5998366680278,3.746698346957715,2.222105561100574
1520.6002449979583,3.7725362347833737,2.2367442703917186
1521.600653327889,3.7985228192030016,2.2514627893713937
1522.6010616578196,3.8246587752704055,2.266261455950537
1523.60146998775,3.8509447794425498,2.2811406093516893
1524.6018783176808,3.8773815100079485,2.2961005893191766
1525.6022866476112,3.9039696507145174,2.311141737988463
1526.602694977542,3.930709882649202,2.3262643972253776
1527.6031033074726,3.9576028919067796,2.341468909130876
1528.603511637403,3.9846493673717314,2.3567556195844563
1529.6039199673337,4.011849996071562,2.372124871709122
1530.6043282972641,4.03920547291638,2.3875770126983578
1531.6047366271948,4.066716491902505,2.4031123900017883
1532.6051449571253,4.0943837464852,2.41873135073865
1533.605553287056,4.12220794004665,2.4344342447732013
1534.6059616169866,4.150189770702459,2.4502214224911008
1535.606369946917,4.178329940777582,2.4660932330621885
1536.6067782768478,4.206629156389172,2.482050030148796
1537.6071866067782,4.2350881255316475,2.498092166495172
1538.607594936709,4.263707558068118,2.514219996500112
1539.6080032666396,4.2924881642224815,2.5304338741771972
1540.60841159657,4.321430659047608,2.5467341560758125
1541.6088199265007,4.350535759478387,2.563121198944932
1542.6092282564312,4.379804182793223,2.579595362410824
1543.6096365863618,4.4092366496333595,2.5961570023892286
1544.6100449162923,4.438833883527913,2.612806481884535
1545.610453246223,4.46859660987855,2.629544159860717
1546.6108615761536,4.498525555950096,2.6463703997055865
1547.611269906084,4.528621450860911,2.6632855650012877
1548.6116782360148,4.558885027165215,2.680290017002414
1549.6120865659452,4.58931701875908,2.6973841236367786
1550.612494895876,4.619918160852894,2.7145682495755317
1551.6129032258066,4.650689193733167,2.7318427618214334
1552.613311555737,4.681630856319846,2.749208028792233
1553.6137198856677,4.712743894826185,2.7666644203343798
1554.6141282155982,4.7440290524365025,2.784212306116296
1555.6145365455288,4.775487075247418,2.8018520555911284
1556.6149448754593,4.807118716210678,2.81958404321078
1557.61535320539,4.838924725712058,2.8374086406258066
1558.6157615353206,4.8709058587844485,2.85532622254788
1559.616169865251,4.903062871194431,2.873337164474279
1560.6165781951818,4.935396523415803,2.891441842681106
1561.6169865251122,4.9679075766644685,2.9096406342163927
1562.617394855043,5.000596791685504,2.9279339165521976
1563.6178031849736,5.0334649380409395,2.9463220696247157
1564.618211514904,5.066512781942073,2.964805474154907
1565.6186198448347,5.099741093783259,2.98338451129419
1566.6190281747652,5.133150646414758,3.0020595626064246
1567.6194365046958,5.166742213947697,3.0208310128629807
1568.6198448346263,5.200516576566097,3.0396992455116973
1569.620253164557,5.234474509684384,3.0586646458083426
1570.6206614944876,5.268616800278283,3.0777276012003982
1571.621069824418,5.302944228053328,3.0968884984798652
1572.6214781543488,5.337457582531329,3.11614772590774
1573.6218864842792,5.372157647664069,3.135505673958714
1574.62229481421,5.407045221721161,3.1549627331549632
1575.6227031441406,5.442121093609458,3.174519293666332
1576.623111474071,5.477386060985425,3.194175750102237
1577.6235198040017,5.512840920199419,3.213932496006048
1578.6239281339322,5.548486475222836,3.233789925672289
1579.6243364638628,5.584323523520149,3.2537484345173815
1580.6247447937933,5.620352873430491,3.2738084190831165
1581.625153123724,5.656575334570207,3.2939702781905784
1582.6255614536547,5.692991713160347,3.314234411049932
1583.625969783585,5.729602823182827,3.33460121801704
1584.6263781135158,5.766409480516932,3.355071098253699
1585.6267864434462,5.803412497521565,3.3756444543752595
1586.627194773377,5.840612697807474,3.396321690548992
1587.6276031033076,5.8780109028409155,3.417103211714393
1588.628011433238,5.915607931800012,3.4379894199728804
1589.6284197631687,5.953404618755431,3.4589807253418243
1590.6288280930992,5.99140178587277,3.480077531786279
1591.6292364230299,6.029600268928027,3.5012802504525395
1592.6296447529605,6.068000896478827,3.5225892891946473
1593.630053082891,6.106604509464767,3.544005059043003
1594.6304614128217,6.1454119422137365,3.565527971364603
1595.630869742752,6.184424037995675,3.587158438676894
1596.6312780726828,6.223641639091418,3.608896875071512
1597.6316864026132,6.26306559033253,3.6307436962306374
1598.632094732544,6.302696741310356,3.652699316041745
1599.6325030624746,6.342535939069823,3.674764150789636
1600.632911392405,6.38258403984345,3.6969386226413055
1601.6333197223357,6.422841896558156,3.7192231459369616
1602.6337280522662,6.463310367685255,3.741618143908909
1603.6341363821969,6.503990312042483,3.764124035773594
1604.6345447121275,6.544882592540698,3.7867412445132924
1605.634953042058,6.585988073939405,3.8094701929672774
1606.6353613719887,6.627307622831089,3.8323113069188457
1607.6357697019191,6.668842109954279,3.8552650097665864
1608.6361780318498,6.710592404781658,3.8783317287420616
1609.6365863617802,6.752559384839695,3.901511891814492
1610.636994691711,6.79474392481374,3.9248059276811333
1611.6374030216416,6.837146904343939,3.9482142652978407
1612.637811351572,6.8797692073062535,3.971737336629647
1613.6382196815027,6.9226117146175845,3.995375572988305
1614.6386280114332,6.9656753162328755,4.0191294063847085
1615.6390363413639,7.0089608966667445,4.042999271871889
1616.6394446712945,7.052469351169838,4.066985604290096
1617.639853001225,7.09620157194636,4.0910888401338035
1618.6402613311557,7.1401584562966285,4.115309415174017
1619.6406696610861,7.184340903356444,4.139647770670379
1620.6410779910168,7.228749814921318,4.164104342837742
1621.6414863209473,7.273386092067855,4.188679574855438
1622.641894650878,7.318250643577277,4.213373906742061
1623.6423029808086,7.363344377528234,4.238187781644034
1624.642711310739,7.408668204650284,4.263121643911784
1625.6431196406697,7.45422303919974,4.288175936108367
1626.6435279706002,7.500009796375097,4.313351106959679
1627.6439363005309,7.546029398421236,4.3386476029183605
1628.6443446304615,7.5922827588625905,4.364065870604984
1629.644752960392,7.63877080972814,4.389606360359023
1630.6451612903227,7.685494473416194,4.41526952323284
1631.6455696202531,7.7324546767254505,4.441055808912716
1632.6459779501838,7.779652355445451,4.466965671887694
1633.6463862801143,7.827088439067327,4.4929995642361575
1634.646794610045,7.874763864267218,4.519157939732377
1635.6472029399756,7.922679571363496,4.5454412575692436
1636.647611269906,7.9708365015695115,4.571849972904562
1637.6480195998367,8.019235596012571,4.598384542064532
1638.6484279297672,8.06787780223191,4.6250454252391675
1639.6488362596979,8.116764071465386,4.651833084938929
1640.6492445896286,8.165895350131107,4.678747979494007
1641.649652919559,8.215272595865173,4.705790570570893
1642.6500612494897,8.264896763356163,4.732961325993544
1643.6504695794201,8.314768810956256,4.760260706589956
1644.6508779093508,8.36488970071835,4.787689179891676
1645.6512862392813,8.415260397453938,4.815247212448981
1646.651694569212,8.46588186381395,4.842935270898289
1647.6521028991426,8.516755073038624,4.870753825902693
1648.652511229073,8.56788099523881,4.89870334824476
1649.6529195590037,8.619260604250115,4.926784306503864
1650.6533278889342,8.67089487565214,4.954997175614176
1651.6537362188649,8.722784787762079,4.983342426573763
1652.6541445487956,8.774931326750535,5.011820537385484
1653.654552878726,8.827335474470607,5.040431980904217
1654.6549612086567,8.879998216523216,5.069177235869994
1655.6553695385871,8.932920541255696,5.0980567775496395
1656.6557778685178,8.986103443954399,5.127071087155911
1657.6561861984483,9.039547917506189,5.156220645983695
1658.656594528379,9.093254958603161,5.1855059335692815
1659.6570028583096,9.147225566717166,5.214927431858536
1660.65741118824,9.201460745179359,5.244485625855193
1661.6578195181708,9.255961497987752,5.274180999992427
1662.6582278481012,9.310728830836164,5.304014037467509
1663.6586361780319,9.365763757632365,5.333985228869187
1664.6590445079626,9.421067289699458,5.36409506298915
1665.659452837893,9.476640440036688,5.394344024226858
1666.6598611678237,9.532484227733997,5.424732605064808
1667.6602694977541,9.588599674729107,5.455261298645674
1668.6606778276848,9.644987801325154,5.485930596842941
1669.6610861576153,9.701649632844237,5.516740991477918
1670.661494487546,9.758586200837538,5.547692980099891
1671.6619028174766,9.815798531766605,5.578787055075432
1672.662311147407,9.87328766287024,5.61002371777917
1673.6627194773378,9.931054627377549,5.641403463054004
1674.6631278072682,9.98910046594371,5.672926792864604
1675.663536137199,10.047426213927146,5.704594203848356
1676.6639444671296,10.106032923513286,5.736406201158632
1677.66435279706,10.164921640465788,5.768363287256349
1678.6647611269907,10.2240934086229,5.800465964503682
1679.6651694569211,10.283549280541832,5.832714738525377
1680.6655777868518,10.343290312863294,5.865110116903243
1681.6659861167823,10.40331756151083,5.897652603706485
1682.666394446713,10.463632086467248,5.930342709718485
1683.6668027766436,10.524234948142649,5.96318094426231
1684.667211106574,10.585127214705867,5.996167817222508
1685.6676194365048,10.646309948601708,6.029303841837253
1686.6680277664352,10.70778423124098,6.06258953123124
1687.668436096366,10.769551120847925,6.096025396961661
1688.6688444262966,10.831611699630006,6.129611957506866
1689.669252756227,10.893967047766832,6.163349725511576
1690.6696610861577,10.956618244550308,6.197239224187724
1691.6700694160882,11.01956637341527,6.231280967988751
1692.6704777460188,11.082812519404127,6.2654754776535935
1693.6708860759493,11.146357770436138,6.299823273015497
1694.67129440588,11.210203218620777,6.334324878845183
1695.6717027358106,11.274349958991033,6.368980817540853
1696.672111065741,11.338799089512234,6.403791612013407
1697.6725193956718,11.403551711090987,6.43875779091676
1698.6729277256022,11.468608918238298,6.473879877469139
1699.673336055533,11.533971825666951,6.50915840291271
1700.6737443854636,11.599641529634152,6.544593892988203
1701.674152715394,11.665619150796225,6.580186880009737
1702.6745610453247,11.731905795224225,6.615937896081811
1703.6749693752552,11.798502581382017,6.651847473061924
1704.6753777051858,11.865410630736584,6.687916144079826
1705.6757860351163,11.932631055265231,6.724144445106851
1706.676194365047,12.00016498924246,6.7605329110669246
1707.6766026949776,12.068013550461925,6.797082079733337
1708.677011024908,12.136177872187794,6.833792488592914
1709.6774193548388,12.204659083628611,6.870664677206727
1710.6778276847692,12.273458322606288,6.907699188843676
1711.6782360147,12.342576724230188,6.944896560039011
1712.6786443446306,12.412015429414787,6.982257339889611
1713.679052674561,12.481775580609847,7.019782069114986
1714.6794610044917,12.551858320307465,7.057471293766582
1715.6798693344222,12.622264801254774,7.095325560385043
1716.6802776643528,12.692996171891249,7.133345416812619
1717.6806859942835,12.764053582095622,7.171531411362266
1718.681094324214,12.835438196600693,7.209884094477977
1719.6815026541447,12.907151168288472,7.248404016229569
1720.681910984075,12.979193658935525,7.287091731361675
1721.6823193140058,13.051566836349904,7.325947790006541
1722.6827276439362,13.124271863769508,7.364972750390455
1723.683135973867,13.197309910413834,7.404167165228126
1724.6835443037976,13.270682154666963,7.443531594542258
1725.683952633728,13.344389768722943,7.483066594503023
1726.6843609636587,13.418433927710133,7.522772725175947
1727.6847692935892,13.492815820694597,7.562650545312577
1728.6851776235198,13.56753662098273,7.602700620250339
1729.6855859534505,13.642597522136635,7.642923509600016
1730.685994283381,13.717999711314377,7.683319777795919
1731.6864026133117,13.793744378650937,7.723889992395223
1732.686810943242,13.86983272049588,7.76463471780199
1733.6872192731728,13.946265937887203,7.805554521513415
1734.6876276031032,14.0230452235453,7.846649975084637
1735.688035933034,14.100171786190653,7.887921645940314
1736.6884442629646,14.177646827804638,7.92937010369617
1737.688852592895,14.255471558304057,7.97099592297049
1738.6892609228257,14.333647192348279,8.012799677888216
1739.6896692527562,14.412174939327398,8.054781942036593
1740.6900775826869,14.491056020012207,8.096943291248047
1741.6904859126175,14.57029165152668,8.139284301733504
1742.690894242548,14.649883055699888,8.181805554824066
1743.6913025724787,14.729831457406053,8.224507626542223
1744.691710902409,14.810138086297428,8.267391099943648
1745.6921192323398,14.890804175126606,8.310456555596232
1746.6925275622702,14.971830956269903,8.353704573428933
1747.692935892201,15.05321965988964,8.397135744415614
1748.6933442221316,15.134971536705239,8.440750649214337
1749.693752552062,15.217087819505586,8.484549874658379
1750.6941608819927,15.299569754644553,8.52853401090868
1751.6945692119232,15.38241859338329,8.572703643525378
1752.6949775418539,15.4656355811454,8.617059365355356
1753.6953858717845,15.549221971764819,8.661601766607642
1754.695794201715,15.633179029460177,8.706331439821657
1755.6962025316457,15.717508005253393,8.751248977859586
1756.6966108615761,15.802210158612292,8.796354977980263
1757.6970191915068,15.887286761305347,8.841650034717018
1758.6974275214372,15.972739075345167,8.887134745983895
1759.697835851368,16.058568373213625,8.932809707932956
1760.6982441812986,16.14477593055229,8.978675524285647
1761.698652511229,16.23136301672414,9.024732791788567
1762.6990608411597,16.318330911667367,9.070982114787022
1763.6994691710902,16.405680900376677,9.11742409583771
1764.6998775010209,16.493414267203413,9.16405934096602
1765.7002858309515,16.581532297693176,9.210888455435269
1766.700694160882,16.67003628048399,9.257912043696352
1767.7011024908127,16.758927511216996,9.305130715836304
1768.7015108207431,16.848207276957925,9.352545080070758
1769.7019191506738,16.93787688941479,9.400155748136932
1770.7023274806043,17.02793764191068,9.447963332053428
1771.702735810535,17.118390840702176,9.495968444096642
1772.7031441404656,17.20923779122709,9.544171695665737
1773.703552470396,17.30047980807792,9.592573705047299
1774.7039608003267,17.39211819289881,9.64117508858124
1775.7043691302572,17.484154278746423,9.689976463964474
1776.7047774601879,17.576589365371856,9.73897845025495
1777.7051857901185,17.669424788198725,9.788181664457237
1778.705594120049,17.76266186543236,9.837586732892824
1779.7060024499797,17.856301922472,9.887194274140372
1780.7064107799101,17.95034629202799,9.937004912690698
1781.7068191098408,18.044796312139805,9.987019276741227
1782.7072274397713,18.139653305123634,10.037237988910773
1783.707635769702,18.23491862378576,10.087661674288709
1784.7080440996326,18.33059360093751,10.138290968729557
1785.708452429563,18.42667957882447,10.1891264965561
1786.7088607594937,18.52317791361493,10.240168890504059
1787.7092690894242,18.620089947510944,10.291418782319438
1788.7096774193549,18.717417036633265,10.34287680631526
1789.7100857492856,18.815160540361234,10.3945435957754
1790.710494079216,18.913321812535493,10.446419787762963
1791.7109024091467,19.01190221673133,10.498506019518192
1792.7113107390771,19.110903115315587,10.550802924747552
1793.7117190690078,19.210325876049634,10.603311150787038
1794.7121273989383,19.310171872156193,10.6560313328612
1795.712535728869,19.41044247334825,10.708964114943614
1796.7129440587996,19.511139063834197,10.762110139922484
1797.71335238873,19.612263010656186,10.815470052061231
1798.7137607186608,19.713815702183947,10.869044494471915
1799.7141690485912,19.815798523220714,10.922834120500955
1800.7145773785219,19.918212859472582,10.976839569673258
1801.7149857084526,20.021060104490118,11.031061498139321
1802.715394038383,20.124341648083412,11.085500551956956
1803.7158023683137,20.228058892634834,11.14015738756062
1804.7162106982441,20.33221323441405,11.195032652439155
1805.7166190281748,20.43680606810332,11.250127005839303
1806.7170273581053,20.541838815380373,11.305441099284435
1807.717435688036,20.647312865448356,11.360975590901948
1808.7178440179666,20.753229646603604,11.416731137581921
1809.718252347897,20.859590568888475,11.472708400258837
1810.7186606778278,20.9663970381896,11.528908034585955
1811.7190690077582,21.073650478138614,11.585330708308835
1812.7194773376889,21.181352323097727,11.641977081202818
1813.7198856676196,21.2895039985312,11.698847817103987
1814.72029399755,21.398106915718888,11.75594358124206
1815.7207023274807,21.50716251388507,11.813265040244536
1816.7211106574111,21.61667223819277,11.870812860758909
1817.7215189873418,21.726637511996273,11.928587713589248
1818.7219273172723,21.837059787053253,11.986590269581423
1819.722335647203,21.94794049818508,12.044821193984948
1820.7227439771336,22.05928109615453,12.103281166013229
1821.723152307064,22.171083032512318,12.1619708565006
1822.7235606369948,22.28334775175963,12.2208909418947
1823.7239689669252,22.39607671716787,12.280042095785822
1824.724377296856,22.509271377116143,12.339424997426677
1825.7247856267866,22.622933212044977,12.399040328953292
1826.725193956717,22.737063663726886,12.45888876237069
1827.7256022866477,22.85166421402091,12.518970984053738
1828.7260106165782,22.966736324320408,12.579287677492761
1829.7264189465088,23.082281469892855,12.639839523192958
1830.7268272764393,23.19830112935496,12.70062720892246
1831.72723560637,23.314796781968298,12.761651416487167
1832.7276439363006,23.43176990758109,12.822912836484988
1833.728052266231,23.549221992052264,12.884412159488576
1834.7284605961618,23.667154521818578,12.946150069985661
1835.7288689260922,23.785568986604247,13.008127264375375
1836.729277256023,23.904466882212883,13.070344428401134
1837.7296855859536,24.023849707809372,13.132802264384456
1838.730093915884,24.143718965929672,13.195501459333576
1839.7305022458147,24.264076145542393,13.258442712329002
1840.7309105757452,24.38492276137961,13.32162672237702
1841.7313189056758,24.506260325979397,13.385054183702831
1842.7317272356063,24.628090349555254,13.448725799697609
1843.732135565537,24.750414336982544,13.512642272096379
1844.7325438954676,24.87323381654933,13.576804296166555
1845.732952225398,24.99655031136647,13.641212582757486
1846.7333605553288,25.120365327465397,13.705867834708528
1847.7337688852592,25.244680409139903,13.770770759452944
1848.73417721519,25.36949708666277,13.835922056211952
1849.7345855451206,25.494816881796943,13.901322444900659
1850.734993875051,25.620641337338544,13.966972625940173
1851.7354022049817,25.746971981597156,14.03287331570536
1852.7358105349122,25.873810376157454,14.099025223895124
1853.7362188648428,26.001158050035343,14.165429064887908
1854.7366271947735,26.129016553550915,14.232085552852528
1855.737035524704,26.257387440442628,14.298995405042922
1856.7374438546346,26.386272258661943,14.366159335151604
1857.737852184565,26.515672577938847,14.433578066638729
1858.7382605144958,26.64558994371469,14.501252312674666
1859.7386688444262,26.776025923227877,14.56918279961341
1860.739077174357,26.90698208718363,14.63737024682534
1861.7394855042876,27.038460000321255,14.705815381911068
1862.739893834218,27.1704612370094,14.774518921945388
1863.7403021641487,27.302987368694996,14.84348160084938
1864.7407104940792,27.436039973340353,14.912704140242855
1865.7411188240098,27.56962063871924,14.982187271800475
1866.7415271539405,27.70373094323165,15.051931723439807
1867.741935483871,27.83837247180527,15.12193822448521
1868.7423438138017,27.973546819239107,15.192207510977582
1869.742752143732,28.10925557400884,15.26274031158698
1870.7431604736628,28.24550033448042,15.333537365262124
1871.7435688035932,28.38228270577376,15.404599405300639
1872.743977133524,28.51960428325213,15.475927169997846
1873.7443854634546,28.65746666555641,15.547521397303974
1874.744793793385,28.79587147807934,15.619382828423499
1875.7452021233157,28.93482032301312,15.691512202381103
1876.7456104532462,29.0743148091749,15.763910261447435
1877.7460187831769,29.214356565700083,15.836577749341714
1878.7464271131075,29.354947211703717,15.909515411236036
1879.746835443038,29.496088352529885,15.982723991899066
1880.7472437729687,29.637781631102975,16.056204241265203
1881.747652102899,29.780028683692752,16.129956905135636
1882.7480604328298,29.922831129227248,16.20398273259943
1883.7484687627602,30.066190607304666,16.278282476080562
1884.748877092691,30.210108761034704,16.352856891385553
1885.7492854226216,30.354587229981362,16.427706726276934
1886.749693752552,30.499627657105723,16.50283273562898
1887.7501020824827,30.645231681639995,16.578235677702754
1888.7505104124132,30.791400974772458,16.653916308378186
1889.7509187423439,30.938137179110356,16.729875390808413
1890.7513270722745,31.085441947728548,16.806113677948538
1891.751735402205,31.23331695525724,16.88263193391287
1892.7521437321357,31.38176385448315,16.95943092235556
1893.7525520620661,31.530784308790473,17.03651140643055
1894.7529603919968,31.680379992342793,17.113874146758786
1895.7533687219272,31.830552582855844,17.19151991535154
1896.753777051858,31.98130374671555,17.269449471715696
1897.7541853817886,32.132635172302855,17.347663596872422
1898.754593711719,32.284548529101215,17.42616304715768
1899.7550020416497,32.43704551626562,17.504948606616367
1900.7554103715802,32.590127813931886,17.584021034379433
1901.7558187015109,32.74379710556352,17.66338111342076
1902.7562270314415,32.8980551047688,17.74302961595474
1903.756635361372,33.05290349437418,17.82296731976188
1904.7570436913027,33.20834397201474,17.90319499578086
1905.7574520212331,33.36437825818192,17.98371342886144
1906.7578603511638,33.52100804595799,18.06452339912305
1907.7582686810943,33.67823504342389,18.1456256860434
1908.758677011025,33.836060962125046,18.227021072659262
1909.7590853409556,33.994487536868135,18.308710343486617
1910.759493670886,34.15351645860164,18.390694278102227
1911.7599020008167,34.313149477172864,18.472973674660352
1912.7603103307472,34.47338829428119,18.555549304917545
1913.7607186606779,34.63423465904267,18.63842197002655
1914.7611269906085,34.79569029206498,18.72159245539841
1915.761535320539,34.957756917263204,18.805061552212035
1916.7619436504697,35.120436282310386,18.888830057515364
1917.7623519804001,35.28373013858289,18.972898756657635
1918.7627603103308,35.447640208158724,19.057268451841058
1919.7631686402613,35.61216824939585,19.14193993795621
1920.763576970192,35.77731602438697,19.226914013581258
1921.7639853001226,35.94308526968099,19.312191474290938
1922.764393630053,36.10947774185764,19.39777311933606
1923.7648019599837,36.276495205253724,19.48365975850191
1924.7652102899142,36.44413942782791,19.56985218725258
1925.7656186198449,36.612412159860234,19.656351209267225
1926.7660269497756,36.78131518913594,19.743157636594855
1927.766435279706,36.95085026431254,19.830272269033838
1928.7668436096367,37.12101917605007,19.91769591701925
1929.7672519395671,37.291823714498236,20.005429387856818
1930.7676602694978,37.46326562995745,20.09347349732116
1931.7680685994283,37.635346719515745,20.18182904866889
1932.768476929359,37.80806878404424,20.270496863011516
1933.7688852592896,37.98143360610099,20.359477751239186
1934.76929358922,38.15544297164617,20.448772528049798
1935.7697019191507,38.330098678974835,20.53838200961402
1936.7701102490812,38.50540254117091,20.62830701838244
1937.7705185790119,38.68135634584535,20.718548368723216
1938.7709269089426,38.85796190876396,20.80910688367376
1939.771335238873,39.03522103579559,20.899983382937673
1940.7717435688037,39.213135540872884,20.99117869011444
1941.7721518987341,39.391707239226896,21.0826936352111
1942.7725602286648,39.57093794504162,21.174529037498395
1943.7729685585953,39.75082948524184,21.266685722578096
1944.773376888526,39.93138368576661,21.359164522494186
1945.7737852184566,40.11260237614422,21.45196627085034
1946.774193548387,40.29448738012029,21.54509179027405
1947.7746018783178,40.4770405366602,21.63854191734028
1948.7750102082482,40.66026369075717,21.7323174826077
1949.7754185381789,40.84415866734468,21.826419323164156
1950.7758268681096,41.028727323310456,21.920848275084786
1951.77623519804,41.213971502570246,22.01560517594465
1952.7766435279707,41.39989305256971,22.110690859675085
1953.7770518579011,41.586493829134994,22.206106171967907
1954.7774601878318,41.773775684433524,22.30185194973188
1955.7778685177623,41.96174048880255,22.397929036519063
1956.778276847693,42.150390094285676,22.494338272166157
1957.7786851776236,42.33972636865159,22.591080508466167
1958.779093507554,42.52975119072747,22.688156588268296
1959.7795018374848,42.720466420735995,22.785567361172177
1960.7799101674152,42.911873939770125,22.88331367032573
1961.780318497346,43.10397562510271,22.981396370986378
1962.7807268272766,43.29677336262995,23.079816311945883
1963.781135157207,43.49026902927351,23.178574343458166
1964.7815434871377,43.68446452576456,23.277671325372992
1965.7819518170681,43.87936173113209,23.37710810554211
1966.7823601469988,44.074962553455684,23.476885549597952
1967.7827684769293,44.271268868598455,23.577004505625233
1968.78317680686,44.468282597068495,23.67746583683451
1969.7835851367906,44.66600563214854,23.7782704024815
1970.783993466721,44.86443988622238,23.879419066094176
1971.7844017966518,45.06358728063865,23.980912687160977
1972.7848101265822,45.2634497063178,24.082752137838558
1973.785218456513,45.46402909181015,24.184938269407763
1974.7856267864436,45.66532736153472,24.287471959868153
1975.786035116374,45.86734642493541,24.390354071888233
1976.7864434463047,46.07008821898481,24.49358547526248
1977.7868517762352,46.273554673709754,24.59716704417214
1978.7872601061658,46.4777477200815,24.701099645747945
1979.7876684360965,46.682669287248785,24.80538415144389
1980.788076766027,46.88832132699123,24.910021442901794
1981.7884850959576,47.09470577028851,25.015012388841846
1982.788893425888,47.30182456808972,25.12035787400545
1983.7893017558188,47.5096796640303,25.226058764225993
1984.7897100857492,47.71827301642072,25.33211594728889
1985.79011841568,47.927606576181404,25.43853030671508
1986.7905267456106,48.13768230061915,25.54530271866846
1987.790935075541,48.348502164754905,25.65243406670541
1988.7913434054717,48.56006810793678,25.759925235905868
1989.7917517354022,48.772382120993804,25.867777115889243
1990.7921600653328,48.98544615890519,25.97599058576201
1991.7925683952635,49.19926220008194,26.084566544236306
1992.792976725194,49.413832229553975,26.193505867323207
1993.7933850551246,49.629158218822084,26.302809466008686
1994.793793385055,49.845242151604126,26.41247821008788
1995.7942017149858,50.06208602403313,26.522513004466443
1996.7946100449162,50.279691821444,26.632914749562513
1997.795018374847,50.498061532764204,26.743684331843735
1998.7954267047776,50.717197165283686,26.85482265164591
1999.795835034708,50.93710070051045,26.966330607739287
2000.7962433646387,51.15777416500661,27.078209103573037
2001.7966516945692,51.379219538587385,27.190459031518113
2002.7970600244998,51.60143885535776,27.30308130439503
2003.7974683544305,51.82443410829139,27.41607681757198
2004.797876684361,52.04820732097799,27.52944648062326
2005.7982850142917,52.2727605269201,27.64319120150708
2006.798693344222,52.49809572383856,27.757311883272795
2007.7991016741528,52.72421495262217,27.871809440155953
2008.7995100040832,52.95112022730292,27.986684774976165
2009.799918334014,53.1788136025049,28.101938808317513
2010.8003266639446,53.407297096532396,28.217572439449068
2011.800734993875,53.63657274046891,28.333586598633364
2012.8011433238057,53.86664260346937,28.449982194746653
2013.8015516537362,54.09750870219045,28.566760134763403
2014.8019599836668,54.32917310394967,28.683921353745056
2015.8023683135975,54.56163784834852,28.80146676509654
2016.802776643528,54.79490499763836,28.91939727692594
2017.8031849734587,55.028976595497326,29.037713825714906
2018.803593303389,55.2638547244651,29.156417329354625
2019.8040016333198,55.499541422712646,29.275508717409544
2020.8044099632502,55.73603878359535,29.394988907375566
2021.804818293181,55.9733488622803,29.51485882845821
2022.8052266231116,56.21147373048217,29.635119411435934
2023.805634953042,56.45041548003535,29.755771578273027
2024.8060432829727,56.69017616715609,29.87681626973803
2025.8064516129032,56.930757901087276,29.99825442131487
2026.8068599428339,57.17216275530711,30.12008695605412
2027.8072682727645,57.414392813484376,30.242314801896647
2028.807676602695,57.657450183052646,30.364938912957868
2029.8080849326257,57.90133694846135,30.487960220342977
2030.808493262556,58.14605522138649,30.611379660160058
2031.8089015924868,58.39160709025678,30.735198170017863
2032.8093099224172,58.63799467088971,30.859416689030027
2033.809718252348,58.885220072727755,30.984036175854442
2034.8101265822786,59.13328540895938,31.109057554737838
2035.810534912209,59.382192786159784,31.234481776607318
2036.8109432421397,59.631944331851734,31.36030979768022
2037.8113515720702,59.88254215653702,31.48654255021868
2038.8117599020009,60.13398840227271,31.613180989862972
2039.8121682319315,60.38628518702802,31.740226070212415
2040.812576561862,60.63943464646364,31.867678735336856
2041.8129848917927,60.89343892005846,31.995539949356584
2042.8133932217231,61.148300133323694,32.12381065568251
2043.8138015516538,61.404020443906326,32.25249181787442
2044.8142098815842,61.66060198476884,32.381584386092314
2045.814618211515,61.918046906851714,32.51108931572461
2046.8150265414456,62.17635736128707,32.641007571267394
2047.815434871376,62.43553549569966,32.7713401150351
2048.815843201307,62.69558349055953,32.902087899429155
2049.816251531237,62.95650349017221,33.03325190132384
2050.816659861168,63.21829764969154,33.16483307233769
2051.8170681910988,63.48096816484101,33.296832384817094
2052.8174765210288,63.74451717621897,33.429250808874585
2053.8178848509597,64.00894687613024,33.562089304502784
2054.81829318089,64.27425943851186,33.69534884095982
2055.8187015108206,64.5404570485354,33.82903039299039
2056.8191098407515,64.80754187259382,33.96313493300075
2057.819518170682,65.07551611845078,34.097663442893904
2058.8199265006124,65.34438195235323,34.232616874379424
2059.8203348305433,65.61414160122196,34.367996228367865
2060.8207431604737,65.88479723495537,34.50380246353542
2061.821151490404,66.15635106915157,34.64003657207931
2062.821559820335,66.42880528865403,34.77669952367694
2063.8219681502655,66.70216212061695,34.91379230159382
2064.822376480196,66.9764237729347,35.05131589068571
2065.822784810127,67.25159244160366,35.189271277403314
2066.823193140057,67.5276703575783,35.327659441571974
2067.823601469988,67.80465973216987,35.466481372750366
2068.8240097999183,68.0825627882767,35.60573804552618
2069.8244181298487,68.36138176851419,35.74543046913181
2070.8248264597796,68.64111889160097,35.88555962125784
2071.82523478971,68.92177637988219,36.02612650192737
2072.8256431196405,69.20335647947937,36.16713209601605
2073.8260514495714,69.48586143239815,36.30857739406262
2074.826459779502,69.76929348043626,36.45046340084201
2075.8268681094323,70.05365485695619,36.59279111431833
2076.8272764393632,70.33894782758915,36.7355615212078
2077.8276847692937,70.62517463327394,36.878775622493045
2078.828093099224,70.91233754334391,37.022434429367195
2079.828501429155,71.20043879801725,37.16653893744608
2080.828909759085,71.48948066599348,37.31109014815538
2081.829318089016,71.77946541989935,37.45608906009818
2082.829726418947,72.07039531532459,37.60153669961633
2083.830134748877,72.36227264516533,37.747434050993995
2084.8305430788078,72.6550996641911,37.89378213501842
2085.830951408738,72.94887866038808,38.040581947666325
2086.8313597386687,73.2436119129339,38.18783451738921
2087.8317680685996,73.53930172191532,38.3355408521642
2088.83217639853,73.83595034421602,38.483701948029626
2089.8325847284605,74.13356008319465,38.63231884279858
2090.8329930583914,74.4321332592322,38.78139254460632
2091.833401388322,74.73167213170657,38.9309240539693
2092.8338097182523,75.03217903308536,39.08091441820966
2093.834218048183,75.33365625194017,39.23136464099102
2094.8346263781136,75.63610610243457,39.38227574104919
2095.835034708044,75.93953088499174,39.53364874785701
2096.835443037975,76.24393293033113,39.68548467408544
2097.835851367905,76.54931453317452,39.8377845593129
2098.836259697836,76.85567804092805,39.99054942396264
2099.8366680277663,77.1630257693354,40.14378029227444
2100.8370763576972,77.47136002883063,40.29747819000776
2101.8374846876277,77.78068318775132,40.45164416799191
2102.837893017558,78.0909975325206,40.606279229309024
2103.8383013474886,78.4023054347946,40.761384423258136
2104.8387096774195,78.71460922939461,40.916960777148056
2105.83911800735,79.0279112595016,41.073009338883644
2106.8395263372804,79.34221384904761,41.22953112453688
2107.8399346672113,79.65751939036419,41.38652719239272
2108.8403429971418,79.97383020117098,41.54399855667607
2109.840751327072,80.29114867257563,41.701946291062484
2110.841159657003,80.60947712970679,41.86037140795683
2111.8415679869336,80.92881795752297,42.01927496491652
2112.841976316864,81.24917350262187,42.17865800165459
2113.8423846467945,81.57054616737237,42.3385215741759
2114.8427929767254,81.89293831085199,42.498866710533584
2115.843201306656,82.21635229577636,42.65969446986812
2116.8436096365863,82.5407905173352,42.821005898108176
2117.844017966517,82.86625535553476,42.98280205271317
2118.8444262964476,83.1927492038851,43.14508398277559
2119.844834626378,83.5202744355702,43.307852738920324
2120.8452429563085,83.84883346154902,43.47110937583943
2121.8456512862394,84.17842866263791,43.634854949804236
2122.84605961617,84.50906245279778,43.799090521219526
2123.8464679461003,84.84073721552296,43.96381713932209
2124.8468762760313,85.17345539241533,44.12903587276911
2125.8472846059617,85.50721935983138,44.29474778419645
2126.847692935892,85.84203153745985,44.460953927491396
2127.8481012658226,86.17789435901274,44.627655373580076
2128.8485095957535,86.51481023214653,44.79485318986408
2129.848917925684,86.85278156821744,44.96254843227676
2130.8493262556144,87.19181081274223,45.13074217131314
2131.8497345855453,87.53190037467087,45.299435479095045
2132.8501429154758,87.87305270744334,45.468629416143
2133.850551245406,88.21527023790736,45.638325076295004
2134.850959575337,88.55855541728,45.80852351531151
2135.8513679052676,88.90291066463492,45.97922580366438
2136.851776235198,89.24833844413472,46.15043302678877
2137.8521845651285,89.59484119283424,46.322146252981845
2138.8525928950594,89.94242137243965,46.49436656012097
2139.85300122499,90.2910814329342,46.66709504125113
2140.8534095549203,90.6408238439406,46.840332758491854
2141.853817884851,90.99165106325881,47.0140808081146
2142.8542262147816,91.34356554720455,47.18834025797943
2143.854634544712,91.69656976119157,47.3631122048767
2144.8550428746425,92.05066621199254,47.53839773353372
2145.8554512045735,92.40585733551976,47.71419793302916
2146.855859534504,92.76214563037475,47.890513871760525
2147.8562678644344,93.1195335776946,48.06734665859114
2148.8566761943653,93.47802365162966,48.24469737617808
2149.8570845242957,93.83761836830364,48.42256713119577
2150.857492854226,94.19832017689646,48.60095698403134
2151.8579011841566,94.56013161240476,48.77986806431969
2152.8583095140875,94.92305515357552,48.95930144395674
2153.858717844018,95.2870933104989,49.139258241838476
2154.8591261739484,95.6522485806066,49.319739538580016
2155.8595345038793,96.01852347071971,49.50074643053029
2156.85994283381,96.38592051399664,49.68228003871472
2157.8603511637402,96.75444220279051,49.86434144540883
2158.860759493671,97.12409105564213,50.046931769142205
2159.8611678236016,97.49486961771966,50.23005210101751
2160.861576153532,97.86678039859984,50.41370356287182
2161.8619844834625,98.23982591154964,50.59788724891214
2162.8623928133934,98.61400871371578,50.78260426656744
2163.862801143324,98.98933133199316,50.967855736707556
2164.8632094732543,99.36579630286835,51.15364277004406
2165.863617803185,99.74340616673324,51.339966469907495
2166.8640261331157,100.12216345624,51.52682794708527
2167.864434463046,100.50207075459033,51.71422833498534
2168.8648427929766,100.8831305789889,51.90216873262267
2169.8652511229075,101.26534550900023,52.090650261577004
2170.865659452838,101.64871807525347,52.27967405116552
2171.8660677827684,102.0332508594138,52.469241208017365
2172.8664761126993,102.4189464175877,52.65935285854926
2173.8668844426297,102.80580735158209,52.8500101246916
2174.86729277256,103.19383617155137,53.04121413921961
2175.8677011024906,103.5830354871379,53.23296602113671
2176.8681094324215,103.97340788825298,53.425266881620146
2177.868517762352,104.36495593248586,53.61811788003425
2178.8689260922824,104.75768221150501,53.811520121414084
2179.8693344222133,105.15158932103628,54.005474737189196
2180.869742752144,105.54667984244355,54.19998286986452
2181.8701510820742,105.94295637939483,54.395045651032156
2182.870559412005,106.34042152107976,54.59066420432713
2183.8709677419356,106.73907786051275,54.786839673961836
2184.871376071866,107.13892803196053,54.98357319946964
2185.8717844017965,107.53997461775771,55.180865918807584
2186.8721927317274,107.94222024151343,55.37871896508056
2187.872601061658,108.34566749945152,55.577133482605426
2188.8730093915883,108.75031904845576,55.77611061085618
2189.873417721519,109.1561774610058,55.97565149412744
2190.8738260514497,109.56324538934676,56.17575726851785
2191.87423438138,109.97152545169938,56.376429104419806
2192.8746427113106,110.38102028938407,56.577668118191255
2193.8750510412415,110.7917325349446,56.77947548683952
2194.875459371172,111.20366481192043,56.981852339629434
2195.8758677011024,111.61681976710182,57.184799837091305
2196.8762760310333,112.03120005785857,57.38831913147152
2197.8766843609637,112.44680831300109,57.59241136991237
2198.877092690894,112.86364719131188,57.797077704430514
2199.8775010208246,113.28171935566571,58.002319308861736
2200.8779093507555,113.70102745980475,58.20813732501442
2201.878317680686,114.1215741680339,58.41453292327843
2202.8787260106164,114.54336211535026,58.621507241690466
2203.8791343405474,114.96639400721784,58.829061467519175
2204.879542670478,115.39067248647744,59.03719674876895
2205.8799510004083,115.81620023998586,59.24591425208422
2206.880359330339,116.24297994523876,59.45521513883192
2207.8807676602696,116.67101429729885,59.66510058234948
2208.8811759902,117.10030593407905,59.87557174722169
2209.8815843201305,117.53085759257472,60.08662979959442
2210.8819926500614,117.96267193897083,60.298275914198854
2211.882400979992,118.39575167064491,60.51051126039084
2212.8828093099223,118.83009948901368,60.72333700556691
2213.8832176398532,119.26571809260234,60.93675433993576
2214.8836259697837,119.70261017692864,61.15076441282613
2215.884034299714,120.14077846935182,61.36536842481421
2216.8844426296446,120.58022565940722,61.580567553329054
2217.8848509595755,121.02095446849344,61.796362955817166
2218.885259289506,121.46296761504506,62.01275581990405
2219.8856676194364,121.9062678073197,62.2297473494132
2220.8860759493673,122.3508577858808,62.447338688291815
2221.8864842792977,122.79674026694477,62.665531061795164
2222.886892609228,123.24391800643683,62.88432563513499
2223.8873009391586,123.6923937070555,63.10372360055767
2224.8877092690896,124.1421701184034,63.323726137250176
2225.88811759902,124.5932499725121,63.54433442958236
2226.8885259289505,125.04563601985272,63.76554968202213
2227.8889342588814,125.49933100038986,63.98737308594144
2228.889342588812,125.95433767265457,64.20980583431361
2229.8897509187423,126.41065879194612,64.43284911046679
2230.890159248673,126.86829711021065,64.65650412552839
2231.8905675786036,127.32725539815299,64.88077206223754
2232.890975908534,127.787536400886,65.10565412369326
2233.8913842384645,128.24914288966062,65.33115151086938
2234.8917925683954,128.71207763231146,65.5572654225542
2235.892200898326,129.17634343072794,65.78399707060592
2236.8926092282563,129.6419430233076,66.0113476417323
2237.8930175581872,130.10887918977332,66.23931835101075
2238.8934258881177,130.57715475946276,66.46791039979921
2239.893834218048,131.0467724901123,66.69712501429775
2240.8942425479786,131.51773514305572,66.92696337193708
2241.8946508779095,131.99004556774352,67.15742670214904
2242.89505920784,132.46370651821752,67.38851620094732
2243.8954675377704,132.93872079835361,67.62023309723963
2244.8958758677013,133.41509123940304,67.85257859807858
2245.8962841976318,133.8928206068977,68.08555391203969
2246.896692527562,134.37191176366042,68.31916026513275
2247.897100857493,134.85236748310302,68.55339887314635
2248.8975091874236,135.33419057359998,68.78827093744465
2249.897917517354,135.81738389486915,69.02377770496363
2250.8983258472845,136.30195023982083,69.2599203762469
2251.8987341772154,136.787892460694,69.49670020171189
2252.899142507146,137.2752133581901,69.73411836071017
2253.8995508370763,137.76391576869975,69.97217611098587
2254.899959167007,138.25400253269126,70.21087466330522
2255.9003674969376,138.74547651087443,70.45021525444191
2256.900775826868,139.23834051155603,70.69019911056725
2257.9011841567985,139.73259740351563,70.93082746768957
2258.9015924867294,140.22825003539901,71.172101538657
2259.90200081666,140.7253012516804,71.41402256677961
2260.9024091465903,141.22375393362975,71.65659180547192
2261.9028174765212,141.723610892663,71.89981045562362
2262.9032258064517,142.22487501805676,72.14367976966639
2263.903634136382,142.7275492035012,72.38820098079945
2264.9040424663126,143.23163628041598,72.63337533646163
2265.9044507962435,143.7371391171867,72.87920406885567
2266.904859126174,144.24406062815837,73.12568842871875
2267.9052674561044,144.75240364800027,73.37282964290586
2268.9056757860353,145.26217110780044,73.62062897395668
2269.9060841159658,145.77336584155057,73.86908765618155
2270.906492445896,146.285990797246,74.1182069383028
2271.906900775827,146.80004881666977,74.36798806636186
2272.9073091057576,147.31554282210644,74.61843227930798
2273.907717435688,147.8324756886278,74.86954084807866
2274.9081257656185,148.35085032955283,75.12131501927246
2275.9085340955494,148.8706696797312,75.37375604103883
2276.90894242548,149.3919366089008,75.62686514987647
2277.9093507554103,149.91465406010403,75.88064363666868
2278.909759085341,150.4388249283217,76.1350927323528
2279.9101674152716,150.96445212986765,76.39021370026495
2280.910575745202,151.4915386027047,76.64600780097301
2281.9109840751325,152.02008728021715,76.90247630563607
2282.9113924050635,152.55010107330983,77.1596204557379
2283.911800734994,153.08158290559822,77.41744153016164
2284.9122090649244,153.6145357225146,77.67594077345373
2285.9126173948553,154.14896249162945,77.93511947234583
2286.9130257247857,154.684866103933,78.19497887906238
2287.913434054716,155.2222495441093,78.45552028378826
2288.9138423846466,155.76111574704703,78.71674492364231
2289.9142507145775,156.30146767879197,78.9786540966986
2290.914659044508,156.84330824573533,79.24124905228331
2291.9150673744384,157.3866404767418,79.50453107343905
2292.9154757043693,157.93146729539652,79.76850145425023
2293.9158840343,158.47779164725986,80.03316143012438
2294.9162923642302,159.02561655573302,80.29851229364499
2295.916700694161,159.57494495615344,80.56455533922812
2296.9171090240916,160.12577984333703,80.8312918537189
2297.917517354022,160.67812415096515,81.09872305959546
2298.9179256839525,161.23198091939855,81.36685029385647
2299.9183340138834,161.78735311853404,81.63567483408163
2300.918742343814,162.34424369377317,81.90519794509656
2301.9191506737443,162.90265568881273,82.1754209217906
2302.919559003675,163.46259206650117,82.44634503200517
2303.9199673336057,164.0240558601429,82.71797160754653
2304.920375663536,164.58705004053073,82.9903019051303
2305.9207839934666,165.15157762055395,83.26333722143602
2306.9211923233975,165.71764162692796,83.53707884025954
2307.921600653328,166.28524504229642,83.81152806642778
2308.9220089832584,166.85439089182645,84.08668619675672
2309.9224173131893,167.42508220489975,84.36255451498614
2310.9228256431197,167.99732197600946,84.63913431617651
2311.92323397305,168.5711132916628,84.91642692664557
2312.9236423029806,169.1464590956016,85.19443362511508
2313.9240506329115,169.7233624629187,85.47315569165896
2314.924458962842,170.30182644364353,85.75259446261242
2315.9248672927724,170.88185408214517,86.03275123131705
2316.9252756227033,171.46344837705303,86.31362728256155
2317.925683952634,172.0466123705503,86.59522394786764
2318.9260922825642,172.63134916915914,86.87754251520796
2319.926500612495,173.21766177337122,87.16058432466684
2320.9269089424256,173.80555325788507,87.44435064202098
2321.927317272356,174.39502666115143,87.72884280048727
2322.9277256022865,174.98608508655323,88.01406210446413
2323.9281339322174,175.5787315603702,88.30000987529695
2324.928542262148,176.17296914321068,88.58668743090695
2325.9289505920783,176.76880094082944,88.87409607019367
2326.929358922009,177.36623002224115,89.16223712979422
2327.9297672519397,177.9652594397551,89.45111191698749
2328.93017558187,178.5658923117882,89.7407217405369
2329.9305839118006,179.16813167791972,90.03106794737779
2330.9309922417315,179.77198064399798,90.32215183383816
2331.931400571662,180.37744232020853,90.61397472918729
2332.9318089015924,180.98451978948322,90.90653796440084
2333.9322172315233,181.59321614926242,91.1998428774749
2334.9326255614537,182.20353449047144,91.49389077623741
2335.933033891384,182.8154779399191,91.78868299126772
2336.9334422213146,183.42904956475095,92.08422084408384
2337.9338505512455,184.04425249994188,92.38050567923877
2338.934258881176,184.66108989563753,92.67753883769787
2339.9346672111064,185.2795647987164,92.97532162428723
2340.9350755410373,185.89968038905675,93.27385538852997
2341.935483870968,186.5214397645738,93.57314147087881
2342.9358922008983,187.14484602693102,93.8731812025481
2343.936300530829,187.7699023689862,94.1739759217887
2344.9367088607596,188.39661190080196,94.47552697398041
2345.93711719069,189.0249777252183,94.77783568414108
2346.9375255206205,189.65500299287578,95.08090341192364
2347.9379338505514,190.28669086973048,95.38473146331637
2348.938342180482,190.92004452613781,95.68932125685846
2349.9387505104123,191.555067047666,95.99467406838876
2350.939158840343,192.191761646181,96.30079127537981
2351.9395671702737,192.83013144863594,96.60767421796216
2352.939975500204,193.47017959695083,96.91532423215268
2353.9403838301346,194.11190931600046,97.22374271201967
2354.9407921600655,194.75532368821064,97.53293095162634
2355.941200489996,195.40042596959992,97.8428903598332
2356.9416088199264,196.04721928449885,98.15362224500218
2357.9420171498573,196.69570680649082,98.46512796812259
2358.9424254797877,197.34589174768925,98.77740893213125
2359.942833809718,197.99777727864293,99.09046643836028
2360.943242139649,198.6513665275897,99.40430188741482
2361.9436504695796,199.30666280012565,99.71891660079356
2362.94405879951,199.96366919797964,100.03431197100399
2363.9444671294405,200.62238894256066,100.350489345845
2364.9448754593714,201.28282524800574,100.66745010971134
2365.945283789302,201.9449812857363,100.98519559598022
2366.9456921192323,202.60886031342537,101.30372719822036
2367.946100449163,203.27446548704833,101.62304627647987
2368.9465087790936,203.94180006095732,101.94315418640372
2369.946917109024,204.61086718697732,102.26405231486017
2370.9473254389545,205.28167019943928,102.58574204458522
2371.9477337688854,205.95421221052638,102.9082247241449
2372.948142098816,206.62849649144195,103.23150170943849
2373.9485504287463,207.3045262336356,103.55557443010129
2374.9489587586772,207.98230475324215,103.88044420924352
2375.9493670886077,208.66183521371605,104.20611246798381
2376.949775418538,209.34312087916553,104.53258055051698
2377.9501837484686,210.0261650059218,104.85984988157905
2378.9505920783995,210.71097081782344,105.18792179013133
2379.95100040833,211.3975415671546,105.51679768595211
2380.9514087382604,212.08588049801997,105.8464789561468
2381.9518170681913,212.7759908956967,106.1769669894915
2382.9522253981218,213.46787598784545,106.50826313924067
2383.952633728052,214.16153903077614,106.8403688158367
2384.953042057983,214.85698333487397,107.17328543163934
2385.9534503879136,215.55421215250033,107.50701433835553
2386.953858717844,216.25322871475333,107.84155694533919
2387.9542670477745,216.95403635735428,108.17691465120805
2388.9546753777054,217.65663830691352,108.51308881838905
2389.955083707636,218.36103788246666,108.85008089925367
2390.9554920375663,219.06723834390388,109.18789222776307
2391.955900367497,219.77524298050247,109.52652422798953
2392.9563086974276,220.48505509851537,109.86597829399375
2393.956717027358,221.1966779956395,110.20625584707072
2394.9571253572885,221.91011497373765,110.54735827180434
2395.9575336872194,222.62536929997458,110.88928696065936
2396.95794201715,223.34244431020494,111.23204333998304
2397.9583503470803,224.06134330569137,111.57562877958578
2398.9587586770112,224.78206955248956,111.9200447221379
2399.9591670069417,225.50462646459323,112.26529256011777
2400.959575336872,226.22901730339166,112.61137371367239
2401.9599836668026,226.95524538652123,112.95828957184955
2402.9603919967335,227.6833140224555,113.30604154486022
2403.960800326664,228.41322655019033,113.65463105115492
2404.9612086565944,229.1449863396801,114.00405952416685
2405.9616169865253,229.87859669861226,114.35432835261436
2406.9620253164558,230.61406092504595,114.70543897326637
2407.962433646386,231.3513824149383,115.0573927712045
2408.962841976317,232.0905645015454,115.41019119321007
2409.9632503062476,232.83161052212262,115.76383566109455
2410.963658636178,233.57452381793567,116.11832759157127
2411.9640669661085,234.31930776154954,116.4736683893772
2412.9644752960394,235.06596567517846,116.82985948787322
2413.96488362597,235.81450096708912,117.18690230853608
2414.9652919559003,236.56491699522158,117.54479828812431
2415.965700285831,237.31721709395612,117.90354883085158
2416.9661086157616,238.07140464297302,118.26315540424258
2417.966516945692,238.82748304011895,118.62361940198501
2418.9669252756225,239.5854556179656,118.98494224666797
2419.9673336055534,240.34532582458644,119.34712541799382
2420.967741935484,241.10709697272176,119.71017031426712
2421.9681502654144,241.8707724909902,120.07407835597068
2422.9685585953453,242.63635575619782,120.43885101412853
2423.9689669252757,243.40385016329915,120.80448971964206
2424.969375255206,244.1732590972067,121.170995869711
2425.9697835851366,244.94458594683567,121.53837094756922
2426.9701919150675,245.71783419093066,121.90661636766333
2427.970600244998,246.4930071555177,122.27573363116898
2428.9710085749284,247.27010825611578,122.64572407028538
2429.9714169048593,248.04914092691033,123.0165892323215
2430.97182523479,248.83010859202503,123.3883305094673
2431.97223356472,249.61301465077838,123.76094936694336
2432.972641894651,250.3978625355391,124.1344472068032
2433.9730502245816,251.1846556829522,124.50882554814311
2434.973458554512,251.97339748995196,124.88408581077545
2435.9738668844425,252.76409143078575,125.26022943765477
2436.9742752143734,253.55674088106974,125.6372578732709
2437.974683544304,254.35134936787318,126.01517262233361
2438.9750918742343,255.147920230458,126.39397505937497
2439.975500204165,255.94645698972704,126.7736666997991
2440.9759085340957,256.74696305213087,127.15424900214956
2441.976316864026,257.5494419326871,127.53572338950153
2442.9767251939566,258.3538969709024,127.91809132336822
2443.9771335238875,259.16033175035597,128.30135431919783
2444.977541853818,259.96874966363373,128.68551378237063
2445.9779501837484,260.77915418251183,129.07057118683642
2446.9783585136793,261.5915487677853,129.45652800077326
2447.9787668436097,262.40593691486566,129.84338570915395
2448.97917517354,263.22232207765927,130.23114574575342
2449.9795835034706,264.0407077447125,130.61980960640938
2450.9799918334015,264.86109739344846,131.00937875842317
2451.980400163332,265.68349453633454,131.39985467070596
2452.9808084932624,266.50790259727165,131.79123877542784
2453.9812168231933,267.3343251280177,132.18353261363958
2454.981625153124,268.16276557598565,132.5767376053673
2455.9820334830542,268.9932275017737,132.9708552490257
2456.982441812985,269.825714313868,133.36588701388797
2457.9828501429156,270.66022956556617,133.76183435520332
2458.983258472846,271.4967767833382,134.1586988076798
2459.9836668027765,272.33535948220583,134.55648183783308
2460.9840751327074,273.1759811178085,134.95518488222837
2461.984483462638,274.0186452449336,135.35480946519962
2462.9848917925683,274.86335535900866,135.75535701838805
2463.985300122499,275.7101150395651,136.15682911710877
2464.9857084524297,276.5589277422114,136.55922717245778
2465.98611678236,277.40979707117424,136.9625527158598
2466.9865251122906,278.26272648999185,137.36680717695072
2467.9869334422215,279.1177195467473,137.77199209857608
2468.987341772152,279.97477981013543,138.17810895345747
2469.9877501020824,280.8339108533788,138.58515925606886
2470.9881584320133,281.6951161394644,138.9931444661492
2471.9885667619437,282.55839923321,139.4020661014748
2472.988975091874,283.42376373679207,139.8119256573169
2473.9893834218046,284.2912131578797,140.22272460608912
2474.9897917517355,285.1607511239129,140.63446447066733
2475.990200081666,286.0323811174981,141.04714675943345
2476.9906084115964,286.9061067079382,141.46077290840287
2477.9910167415273,287.78193151901127,141.87534447834193
2478.991425071458,288.65985906172637,142.29086298265167
2479.9918334013882,289.53989300220206,142.70732990326337
2480.992241731319,290.42203682588854,143.12474673181305
2481.9926500612496,291.30629413996786,143.54311500318803
2482.99305839118,292.19266853910204,143.9624362123444
2483.9934667211105,293.0811636393071,144.3827118641273
2484.9938750510414,293.9717829242223,144.80394343968342
2485.994283380972,294.86453012063976,145.22613252289597
2486.9946917109023,295.75940875455245,145.6492805560066
2487.995100040833,296.6564224415935,146.07338909260503
2488.9955083707637,297.5555747844312,146.49845962869082
2489.995916700694,298.4568693898917,146.92449370443885
2490.9963250306246,299.3603098689716,147.35149282763183
2491.9967333605555,300.2658998368491,147.77945851617838
2492.997141690486,301.173642895365,148.2083922464808
2493.9975500204164,302.08354266793805,148.63829559989733
2494.9979583503473,302.99560287038696,149.06917005600152
2495.9983666802777,303.9098269584754,149.50101717382748
2496.998775010208,304.82621867396995,149.933838470824
2497.999183340139,305.7447816040001,150.36763542223065
2498.9995916700695,306.6655194464198,150.80240965356245
2500.0,307.5884357607728,151.23816261704903
