Temperature,Concentration,ConcentrationRatio,Time,STY,E_factor
89.963209507789,480.2857225639665,3.9279757672456204,1.397987726295555,4217.598124640979,1.1405330857405562
