temperature,conc,ratio,res_time,STY,E_factor
100.0,166.6667,1.6667,1.25,865.6361395776122,1.563304949849723
126.6667,433.3333,3.0,0.75,7104.946699544,0.815246947459554
73.3333,300.0,4.3333,1.75,1852.4909610592235,1.5913290356575216
100.0,300.0,3.0,1.25,2698.937619686051,0.9849722418291588
